<DATE>	<TIME>	<OPEN>	<HIGH>	<LOW>	<CLOSE>	<TICKVOL>	<VOL>	<SPREAD>
2023.01.02	04:00:00	1.07016	1.07017	1.06909	1.06967	340	0	1
2023.01.02	08:00:00	1.06971	1.07005	1.06636	1.06784	5790	0	0
2023.01.02	12:00:00	1.06788	1.06898	1.06749	1.06788	3224	0	0
2023.01.02	16:00:00	1.06787	1.06819	1.06510	1.06607	5026	0	0
2023.01.02	20:00:00	1.06604	1.06727	1.06499	1.06665	2361	0	0
2023.01.03	00:00:00	1.06642	1.06830	1.06493	1.06597	10675	0	0
2023.01.03	04:00:00	1.06596	1.06802	1.06575	1.06637	12043	0	0
2023.01.03	08:00:00	1.06637	1.06677	1.05339	1.05476	34129	0	0
2023.01.03	12:00:00	1.05479	1.05700	1.05196	1.05604	28042	0	0
2023.01.03	16:00:00	1.05604	1.05974	1.05372	1.05461	37222	0	0
2023.01.03	20:00:00	1.05463	1.05689	1.05433	1.05470	17090	0	0
2023.01.04	00:00:00	1.05465	1.05691	1.05402	1.05667	12432	0	0
2023.01.04	04:00:00	1.05667	1.05784	1.05612	1.05693	8863	0	0
2023.01.04	08:00:00	1.05693	1.06354	1.05594	1.06109	30127	0	0
2023.01.04	12:00:00	1.06109	1.06244	1.05949	1.06105	24248	0	0
2023.01.04	16:00:00	1.06106	1.06286	1.05812	1.06074	40632	0	0
2023.01.04	20:00:00	1.06074	1.06129	1.05851	1.06030	24349	0	0
2023.01.05	00:00:00	1.06015	1.06315	1.05973	1.06204	9561	0	0
2023.01.05	04:00:00	1.06202	1.06202	1.06017	1.06106	10443	0	0
2023.01.05	08:00:00	1.06107	1.06291	1.05902	1.06235	22575	0	0
2023.01.05	12:00:00	1.06238	1.06260	1.05514	1.05524	26874	0	0
2023.01.05	16:00:00	1.05524	1.05675	1.05150	1.05299	38802	0	0
2023.01.05	20:00:00	1.05299	1.05433	1.05152	1.05207	17968	0	0
2023.01.06	00:00:00	1.05205	1.05326	1.05178	1.05250	8372	0	0
2023.01.06	04:00:00	1.05251	1.05362	1.05106	1.05143	8577	0	0
2023.01.06	08:00:00	1.05148	1.05310	1.04968	1.05075	21228	0	0
2023.01.06	12:00:00	1.05075	1.05450	1.04832	1.05426	28211	0	0
2023.01.06	16:00:00	1.05426	1.06382	1.05011	1.06377	45357	0	0
2023.01.06	20:00:00	1.06378	1.06481	1.06295	1.06427	14269	0	0
2023.01.09	00:00:00	1.06394	1.06719	1.06360	1.06667	9379	0	0
2023.01.09	04:00:00	1.06667	1.06831	1.06659	1.06772	10022	0	0
2023.01.09	08:00:00	1.06772	1.06997	1.06599	1.06724	24194	0	0
2023.01.09	12:00:00	1.06727	1.07319	1.06614	1.07252	23124	0	0
2023.01.09	16:00:00	1.07253	1.07607	1.07115	1.07503	31095	0	0
2023.01.09	20:00:00	1.07503	1.07542	1.07301	1.07318	17472	0	0
2023.01.10	00:00:00	1.07293	1.07397	1.07204	1.07362	10145	0	1
2023.01.10	04:00:00	1.07362	1.07441	1.07212	1.07427	9486	0	0
2023.01.10	08:00:00	1.07430	1.07518	1.07222	1.07461	20909	0	0
2023.01.10	12:00:00	1.07461	1.07461	1.07121	1.07217	19561	0	0
2023.01.10	16:00:00	1.07219	1.07593	1.07216	1.07334	38630	0	0
2023.01.10	20:00:00	1.07334	1.07441	1.07275	1.07334	13128	0	0
2023.01.11	00:00:00	1.07329	1.07451	1.07252	1.07310	8248	0	0
2023.01.11	04:00:00	1.07308	1.07568	1.07263	1.07478	5942	0	0
2023.01.11	08:00:00	1.07480	1.07575	1.07255	1.07417	18590	0	0
2023.01.11	12:00:00	1.07417	1.07555	1.07282	1.07499	18496	0	0
2023.01.11	16:00:00	1.07499	1.07765	1.07364	1.07468	25841	0	0
2023.01.11	20:00:00	1.07467	1.07671	1.07350	1.07556	13096	0	0
2023.01.12	00:00:00	1.07535	1.07746	1.07490	1.07667	10033	0	1
2023.01.12	04:00:00	1.07667	1.07752	1.07615	1.07628	6894	0	0
2023.01.12	08:00:00	1.07628	1.07735	1.07427	1.07655	18493	0	0
2023.01.12	12:00:00	1.07654	1.08386	1.07302	1.08291	30151	0	0
2023.01.12	16:00:00	1.08291	1.08490	1.07515	1.08487	54600	0	0
2023.01.12	20:00:00	1.08487	1.08670	1.08397	1.08515	21067	0	0
2023.01.13	00:00:00	1.08497	1.08678	1.08385	1.08554	10534	0	0
2023.01.13	04:00:00	1.08555	1.08563	1.08314	1.08372	9297	0	0
2023.01.13	08:00:00	1.08372	1.08645	1.08332	1.08426	24708	0	0
2023.01.13	12:00:00	1.08425	1.08518	1.07926	1.07937	25216	0	0
2023.01.13	16:00:00	1.07938	1.08388	1.07805	1.08283	32997	0	0
2023.01.13	20:00:00	1.08283	1.08358	1.08182	1.08323	11101	0	0
2023.01.16	00:00:00	1.08295	1.08720	1.08193	1.08680	9510	0	0
2023.01.16	04:00:00	1.08680	1.08742	1.08508	1.08605	7895	0	0
2023.01.16	08:00:00	1.08603	1.08606	1.08016	1.08210	19483	0	0
2023.01.16	12:00:00	1.08210	1.08367	1.08060	1.08159	14923	0	0
2023.01.16	16:00:00	1.08159	1.08293	1.08118	1.08139	11879	0	0
2023.01.16	20:00:00	1.08138	1.08247	1.08109	1.08210	2081	0	0
2023.01.17	00:00:00	1.08197	1.08337	1.08141	1.08171	8939	0	0
2023.01.17	04:00:00	1.08169	1.08327	1.08060	1.08311	7849	0	0
2023.01.17	08:00:00	1.08310	1.08388	1.08110	1.08172	20945	0	0
2023.01.17	12:00:00	1.08174	1.08581	1.08088	1.08426	26546	0	0
2023.01.17	16:00:00	1.08427	1.08694	1.07745	1.07822	36087	0	0
2023.01.17	20:00:00	1.07822	1.08038	1.07799	1.07876	13640	0	0
2023.01.18	00:00:00	1.07879	1.07963	1.07824	1.07962	7025	0	0
2023.01.18	04:00:00	1.07962	1.07993	1.07661	1.07797	21030	0	0
2023.01.18	08:00:00	1.07794	1.08715	1.07793	1.08699	31770	0	0
2023.01.18	12:00:00	1.08699	1.08700	1.08114	1.08583	27996	0	0
2023.01.18	16:00:00	1.08584	1.08874	1.07874	1.07959	42672	0	0
2023.01.18	20:00:00	1.07960	1.07991	1.07868	1.07936	17294	0	0
2023.01.19	00:00:00	1.07903	1.07982	1.07825	1.07876	9721	0	0
2023.01.19	04:00:00	1.07877	1.08056	1.07822	1.07916	8764	0	0
2023.01.19	08:00:00	1.07917	1.08293	1.07825	1.08249	20594	0	0
2023.01.19	12:00:00	1.08250	1.08382	1.07955	1.08096	25689	0	0
2023.01.19	16:00:00	1.08095	1.08253	1.07836	1.08165	31673	0	0
2023.01.19	20:00:00	1.08164	1.08401	1.08131	1.08294	16569	0	0
2023.01.20	00:00:00	1.08291	1.08437	1.08264	1.08362	5544	0	0
2023.01.20	04:00:00	1.08363	1.08440	1.08252	1.08353	5999	0	0
2023.01.20	08:00:00	1.08354	1.08591	1.08207	1.08310	18025	0	0
2023.01.20	12:00:00	1.08311	1.08474	1.08024	1.08065	19789	0	0
2023.01.20	16:00:00	1.08065	1.08478	1.08046	1.08438	26559	0	0
2023.01.20	20:00:00	1.08437	1.08586	1.08338	1.08557	13502	0	0
2023.01.23	00:00:00	1.08622	1.08996	1.08590	1.08949	7534	0	0
2023.01.23	04:00:00	1.08949	1.09030	1.08889	1.08922	6657	0	0
2023.01.23	08:00:00	1.08922	1.09267	1.08874	1.09118	20633	0	0
2023.01.23	12:00:00	1.09118	1.09153	1.08532	1.08589	21733	0	0
2023.01.23	16:00:00	1.08589	1.08760	1.08464	1.08624	28007	0	0
2023.01.23	20:00:00	1.08625	1.08732	1.08478	1.08715	14715	0	0
2023.01.24	00:00:00	1.08705	1.08826	1.08670	1.08809	3975	0	0
2023.01.24	04:00:00	1.08807	1.08830	1.08694	1.08784	4013	0	0
2023.01.24	08:00:00	1.08784	1.08980	1.08519	1.08609	17860	0	0
2023.01.24	12:00:00	1.08605	1.08808	1.08522	1.08660	18034	0	0
2023.01.24	16:00:00	1.08660	1.08871	1.08352	1.08833	32235	0	0
2023.01.24	20:00:00	1.08833	1.08890	1.08741	1.08879	10575	0	0
2023.01.25	00:00:00	1.08856	1.08942	1.08791	1.08930	6457	0	0
2023.01.25	04:00:00	1.08931	1.09028	1.08919	1.08976	5287	0	0
2023.01.25	08:00:00	1.08977	1.09113	1.08676	1.08813	17073	0	0
2023.01.25	12:00:00	1.08814	1.08849	1.08574	1.08721	18894	0	0
2023.01.25	16:00:00	1.08721	1.09236	1.08685	1.08993	29111	0	0
2023.01.25	20:00:00	1.08993	1.09184	1.08993	1.09147	12376	0	0
2023.01.26	00:00:00	1.09152	1.09246	1.09071	1.09192	5336	0	0
2023.01.26	04:00:00	1.09190	1.09217	1.09089	1.09188	5236	0	0
2023.01.26	08:00:00	1.09185	1.09294	1.08926	1.08957	16755	0	0
2023.01.26	12:00:00	1.08957	1.09085	1.08729	1.09027	18506	0	0
2023.01.26	16:00:00	1.09028	1.09177	1.08506	1.08647	29776	0	0
2023.01.26	20:00:00	1.08644	1.08946	1.08637	1.08917	8775	0	0
2023.01.27	00:00:00	1.08909	1.09003	1.08849	1.08895	6063	0	0
2023.01.27	04:00:00	1.08894	1.08900	1.08657	1.08739	5609	0	0
2023.01.27	08:00:00	1.08738	1.08924	1.08658	1.08839	13341	0	0
2023.01.27	12:00:00	1.08839	1.08954	1.08594	1.08624	15562	0	0
2023.01.27	16:00:00	1.08624	1.08791	1.08378	1.08666	29661	0	0
2023.01.27	20:00:00	1.08665	1.08731	1.08564	1.08673	9501	0	0
2023.01.30	00:00:00	1.08618	1.08753	1.08579	1.08736	5080	0	0
2023.01.30	04:00:00	1.08737	1.08793	1.08644	1.08693	9541	0	0
2023.01.30	08:00:00	1.08693	1.09041	1.08531	1.09019	18116	0	0
2023.01.30	12:00:00	1.09020	1.09138	1.08862	1.08862	16984	0	0
2023.01.30	16:00:00	1.08864	1.08997	1.08575	1.08578	23977	0	0
2023.01.30	20:00:00	1.08578	1.08607	1.08393	1.08500	11111	0	0
2023.01.31	00:00:00	1.08480	1.08601	1.08453	1.08576	6554	0	0
2023.01.31	04:00:00	1.08576	1.08590	1.08332	1.08347	5628	0	0
2023.01.31	08:00:00	1.08349	1.08498	1.08017	1.08296	18550	0	0
2023.01.31	12:00:00	1.08295	1.08634	1.08203	1.08512	21118	0	0
2023.01.31	16:00:00	1.08513	1.08678	1.08336	1.08652	29052	0	0
2023.01.31	20:00:00	1.08653	1.08750	1.08599	1.08614	9932	0	0
2023.02.01	00:00:00	1.08607	1.08654	1.08571	1.08573	4410	0	0
2023.02.01	04:00:00	1.08572	1.08749	1.08523	1.08717	3786	0	0
2023.02.01	08:00:00	1.08717	1.08886	1.08658	1.08833	14754	0	0
2023.02.01	12:00:00	1.08825	1.09100	1.08792	1.09042	15979	0	0
2023.02.01	16:00:00	1.09041	1.09247	1.08877	1.09079	23348	0	0
2023.02.01	20:00:00	1.09080	1.10014	1.08885	1.09886	39371	0	0
2023.02.02	00:00:00	1.09870	1.10329	1.09838	1.10134	10708	0	0
2023.02.02	04:00:00	1.10131	1.10255	1.10120	1.10202	7800	0	0
2023.02.02	08:00:00	1.10201	1.10218	1.09888	1.09987	17946	0	0
2023.02.02	12:00:00	1.09987	1.10043	1.09438	1.09452	29602	0	0
2023.02.02	16:00:00	1.09452	1.09665	1.08853	1.09084	37057	0	0
2023.02.02	20:00:00	1.09089	1.09229	1.09053	1.09099	19203	0	0
2023.02.03	00:00:00	1.09081	1.09115	1.08912	1.08937	6110	0	0
2023.02.03	04:00:00	1.08937	1.08985	1.08872	1.08937	6301	0	0
2023.02.03	08:00:00	1.08938	1.09310	1.08820	1.09301	17829	0	0
2023.02.03	12:00:00	1.09299	1.09402	1.08265	1.08399	25728	0	0
2023.02.03	16:00:00	1.08398	1.08762	1.08094	1.08247	44130	0	0
2023.02.03	20:00:00	1.08247	1.08249	1.07923	1.07932	16149	0	0
2023.02.06	00:00:00	1.07800	1.07978	1.07786	1.07851	11647	0	0
2023.02.06	04:00:00	1.07851	1.07989	1.07822	1.07968	10093	0	0
2023.02.06	08:00:00	1.07968	1.07980	1.07652	1.07667	19123	0	0
2023.02.06	12:00:00	1.07667	1.07832	1.07568	1.07581	19035	0	0
2023.02.06	16:00:00	1.07581	1.07662	1.07095	1.07132	27622	0	0
2023.02.06	20:00:00	1.07132	1.07373	1.07103	1.07249	11554	0	0
2023.02.07	00:00:00	1.07242	1.07425	1.07203	1.07412	7509	0	0
2023.02.07	04:00:00	1.07412	1.07427	1.07286	1.07404	9301	0	0
2023.02.07	08:00:00	1.07404	1.07438	1.06971	1.07110	22412	0	0
2023.02.07	12:00:00	1.07109	1.07227	1.06859	1.06954	21225	0	0
2023.02.07	16:00:00	1.06954	1.07664	1.06692	1.07603	33719	0	0
2023.02.07	20:00:00	1.07603	1.07628	1.06874	1.07267	32991	0	0
2023.02.08	00:00:00	1.07233	1.07350	1.07182	1.07264	5561	0	0
2023.02.08	04:00:00	1.07264	1.07349	1.07238	1.07337	5567	0	0
2023.02.08	08:00:00	1.07337	1.07609	1.07240	1.07553	18555	0	0
2023.02.08	12:00:00	1.07553	1.07558	1.07258	1.07317	16635	0	0
2023.02.08	16:00:00	1.07317	1.07433	1.07137	1.07285	28064	0	0
2023.02.08	20:00:00	1.07286	1.07392	1.07094	1.07129	13773	0	0
2023.02.09	00:00:00	1.07095	1.07260	1.07083	1.07247	9713	0	0
2023.02.09	04:00:00	1.07247	1.07383	1.07237	1.07357	7109	0	0
2023.02.09	08:00:00	1.07357	1.07690	1.07241	1.07638	19207	0	0
2023.02.09	12:00:00	1.07638	1.07902	1.07587	1.07899	18283	0	0
2023.02.09	16:00:00	1.07899	1.07908	1.07391	1.07487	23114	0	0
2023.02.09	20:00:00	1.07487	1.07488	1.07317	1.07386	13245	0	0
2023.02.10	00:00:00	1.07361	1.07420	1.07257	1.07336	6590	0	0
2023.02.10	04:00:00	1.07329	1.07343	1.07173	1.07260	8217	0	0
2023.02.10	08:00:00	1.07260	1.07529	1.07042	1.07068	26608	0	0
2023.02.10	12:00:00	1.07067	1.07114	1.06813	1.06960	19456	0	0
2023.02.10	16:00:00	1.06959	1.07069	1.06664	1.06684	25927	0	0
2023.02.10	20:00:00	1.06684	1.06808	1.06677	1.06782	7310	0	0
2023.02.13	00:00:00	1.06803	1.06813	1.06555	1.06669	9829	0	0
2023.02.13	04:00:00	1.06670	1.06710	1.06605	1.06696	7490	0	0
2023.02.13	08:00:00	1.06696	1.06899	1.06633	1.06772	15403	0	0
2023.02.13	12:00:00	1.06772	1.06966	1.06734	1.06808	13277	0	0
2023.02.13	16:00:00	1.06808	1.07275	1.06765	1.07184	19924	0	0
2023.02.13	20:00:00	1.07184	1.07300	1.07117	1.07243	7389	0	0
2023.02.14	00:00:00	1.07188	1.07368	1.07182	1.07287	6640	0	0
2023.02.14	04:00:00	1.07287	1.07399	1.07254	1.07384	6816	0	0
2023.02.14	08:00:00	1.07383	1.07670	1.07289	1.07615	16183	0	0
2023.02.14	12:00:00	1.07614	1.08045	1.07184	1.07607	27221	0	0
2023.02.14	16:00:00	1.07611	1.07720	1.07068	1.07279	51354	0	0
2023.02.14	20:00:00	1.07277	1.07454	1.07233	1.07352	15911	0	0
2023.02.15	00:00:00	1.07360	1.07445	1.07320	1.07397	6487	0	0
2023.02.15	04:00:00	1.07397	1.07399	1.07137	1.07152	8424	0	0
2023.02.15	08:00:00	1.07152	1.07299	1.07000	1.07258	18764	0	0
2023.02.15	12:00:00	1.07257	1.07331	1.06741	1.06831	20880	0	0
2023.02.15	16:00:00	1.06831	1.06892	1.06619	1.06669	29599	0	0
2023.02.15	20:00:00	1.06669	1.06915	1.06606	1.06864	8812	0	0
2023.02.16	00:00:00	1.06862	1.07080	1.06796	1.07049	12844	0	0
2023.02.16	04:00:00	1.07048	1.07149	1.07011	1.07055	7421	0	0
2023.02.16	08:00:00	1.07054	1.07225	1.06891	1.07005	16466	0	0
2023.02.16	12:00:00	1.07005	1.07128	1.06699	1.06795	21743	0	0
2023.02.16	16:00:00	1.06794	1.06961	1.06546	1.06930	31752	0	0
2023.02.16	20:00:00	1.06929	1.06976	1.06694	1.06716	15276	0	0
2023.02.17	00:00:00	1.06720	1.06742	1.06523	1.06534	6554	0	0
2023.02.17	04:00:00	1.06534	1.06557	1.06328	1.06384	7766	0	0
2023.02.17	08:00:00	1.06384	1.06613	1.06296	1.06370	16831	0	0
2023.02.17	12:00:00	1.06369	1.06447	1.06128	1.06413	17122	0	0
2023.02.17	16:00:00	1.06413	1.06939	1.06368	1.06786	29716	0	0
2023.02.17	20:00:00	1.06789	1.06985	1.06776	1.06935	10043	0	0
2023.02.20	00:00:00	1.06848	1.06932	1.06730	1.06759	7647	0	0
2023.02.20	04:00:00	1.06759	1.06934	1.06754	1.06909	6721	0	0
2023.02.20	08:00:00	1.06910	1.07047	1.06792	1.06794	12238	0	0
2023.02.20	12:00:00	1.06794	1.06923	1.06704	1.06806	10425	0	0
2023.02.20	16:00:00	1.06806	1.06939	1.06784	1.06856	7705	0	0
2023.02.20	20:00:00	1.06858	1.06875	1.06821	1.06853	1997	0	0
2023.02.21	00:00:00	1.06837	1.06885	1.06674	1.06737	6950	0	0
2023.02.21	04:00:00	1.06737	1.06752	1.06620	1.06738	6243	0	0
2023.02.21	08:00:00	1.06738	1.06881	1.06428	1.06625	19259	0	0
2023.02.21	12:00:00	1.06625	1.06696	1.06458	1.06529	18192	0	0
2023.02.21	16:00:00	1.06529	1.06983	1.06439	1.06607	28102	0	0
2023.02.21	20:00:00	1.06607	1.06614	1.06375	1.06465	8152	0	0
2023.02.22	00:00:00	1.06445	1.06640	1.06426	1.06577	12494	0	0
2023.02.22	04:00:00	1.06577	1.06626	1.06513	1.06576	6087	0	0
2023.02.22	08:00:00	1.06576	1.06636	1.06357	1.06375	14897	0	0
2023.02.22	12:00:00	1.06375	1.06506	1.06246	1.06463	18261	0	0
2023.02.22	16:00:00	1.06463	1.06605	1.06173	1.06282	25347	0	0
2023.02.22	20:00:00	1.06283	1.06361	1.05992	1.06045	18535	0	0
2023.02.23	00:00:00	1.06036	1.06216	1.06005	1.06197	4322	0	0
2023.02.23	04:00:00	1.06197	1.06247	1.06145	1.06225	4598	0	0
2023.02.23	08:00:00	1.06225	1.06278	1.05874	1.05910	15857	0	0
2023.02.23	12:00:00	1.05907	1.06211	1.05860	1.06077	20084	0	0
2023.02.23	16:00:00	1.06079	1.06165	1.05771	1.05854	29310	0	0
2023.02.23	20:00:00	1.05854	1.06033	1.05810	1.05971	11504	0	0
2023.02.24	00:00:00	1.05926	1.06143	1.05900	1.06013	9439	0	0
2023.02.24	04:00:00	1.06012	1.06063	1.05947	1.05975	6941	0	0
2023.02.24	08:00:00	1.05977	1.06023	1.05800	1.05858	16874	0	0
2023.02.24	12:00:00	1.05857	1.05962	1.05438	1.05539	24184	0	0
2023.02.24	16:00:00	1.05539	1.05607	1.05362	1.05472	36312	0	0
2023.02.24	20:00:00	1.05472	1.05557	1.05438	1.05446	11880	0	0
2023.02.27	00:00:00	1.05459	1.05593	1.05429	1.05592	6742	0	0
2023.02.27	04:00:00	1.05589	1.05599	1.05389	1.05395	6640	0	0
2023.02.27	08:00:00	1.05395	1.05614	1.05330	1.05512	17222	0	0
2023.02.27	12:00:00	1.05512	1.05834	1.05488	1.05829	15991	0	0
2023.02.27	16:00:00	1.05829	1.06199	1.05760	1.06013	22594	0	0
2023.02.27	20:00:00	1.06013	1.06129	1.05988	1.06096	9769	0	0
2023.02.28	00:00:00	1.06084	1.06148	1.05861	1.05865	6100	0	0
2023.02.28	04:00:00	1.05867	1.05987	1.05821	1.05848	5951	0	0
2023.02.28	08:00:00	1.05847	1.06254	1.05821	1.06060	16589	0	0
2023.02.28	12:00:00	1.06060	1.06319	1.06057	1.06313	14387	0	0
2023.02.28	16:00:00	1.06313	1.06454	1.05953	1.06056	25596	0	0
2023.02.28	20:00:00	1.06054	1.06068	1.05739	1.05741	7818	0	0
2023.03.01	00:00:00	1.05751	1.05851	1.05654	1.05843	10000	0	0
2023.03.01	04:00:00	1.05844	1.05955	1.05814	1.05910	6283	0	0
2023.03.01	08:00:00	1.05911	1.06576	1.05894	1.06424	20747	0	0
2023.03.01	12:00:00	1.06423	1.06916	1.06400	1.06715	19959	0	0
2023.03.01	16:00:00	1.06715	1.06798	1.06434	1.06653	29315	0	0
2023.03.01	20:00:00	1.06654	1.06713	1.06465	1.06694	8228	0	0
2023.03.02	00:00:00	1.06683	1.06728	1.06466	1.06514	6757	0	1
2023.03.02	04:00:00	1.06514	1.06568	1.06373	1.06414	6878	0	0
2023.03.02	08:00:00	1.06413	1.06448	1.06192	1.06239	18129	0	0
2023.03.02	12:00:00	1.06240	1.06313	1.05819	1.05861	24030	0	0
2023.03.02	16:00:00	1.05859	1.06147	1.05766	1.05798	27410	0	0
2023.03.02	20:00:00	1.05799	1.06065	1.05765	1.05972	13336	0	0
2023.03.03	00:00:00	1.05966	1.06144	1.05936	1.06084	5794	0	0
2023.03.03	04:00:00	1.06085	1.06149	1.06019	1.06091	5695	0	0
2023.03.03	08:00:00	1.06092	1.06292	1.06074	1.06101	16356	0	0
2023.03.03	12:00:00	1.06099	1.06297	1.06005	1.06225	16830	0	0
2023.03.03	16:00:00	1.06225	1.06296	1.05884	1.06249	28270	0	0
2023.03.03	20:00:00	1.06249	1.06387	1.06201	1.06328	10402	0	0
2023.03.06	00:00:00	1.06228	1.06381	1.06217	1.06364	5976	0	0
2023.03.06	04:00:00	1.06364	1.06501	1.06281	1.06485	6081	0	0
2023.03.06	08:00:00	1.06486	1.06574	1.06281	1.06292	15338	0	0
2023.03.06	12:00:00	1.06293	1.06583	1.06222	1.06547	16461	0	0
2023.03.06	16:00:00	1.06547	1.06945	1.06503	1.06852	22921	0	0
2023.03.06	20:00:00	1.06851	1.06860	1.06684	1.06830	9513	0	0
2023.03.07	00:00:00	1.06819	1.06888	1.06691	1.06865	6408	0	0
2023.03.07	04:00:00	1.06864	1.06932	1.06814	1.06854	5752	0	0
2023.03.07	08:00:00	1.06853	1.06945	1.06557	1.06569	17257	0	0
2023.03.07	12:00:00	1.06569	1.06720	1.06502	1.06564	16182	0	0
2023.03.07	16:00:00	1.06562	1.06612	1.05660	1.05673	43631	0	0
2023.03.07	20:00:00	1.05674	1.05739	1.05460	1.05495	13280	0	0
2023.03.08	00:00:00	1.05485	1.05530	1.05421	1.05447	4896	0	0
2023.03.08	04:00:00	1.05448	1.05470	1.05244	1.05311	5957	0	0
2023.03.08	08:00:00	1.05311	1.05487	1.05305	1.05356	13960	0	0
2023.03.08	12:00:00	1.05356	1.05493	1.05341	1.05412	14675	0	0
2023.03.08	16:00:00	1.05412	1.05740	1.05292	1.05452	29362	0	0
2023.03.08	20:00:00	1.05452	1.05507	1.05396	1.05442	10124	0	0
2023.03.09	00:00:00	1.05434	1.05534	1.05380	1.05405	4137	0	0
2023.03.09	04:00:00	1.05406	1.05555	1.05394	1.05524	3358	0	0
2023.03.09	08:00:00	1.05524	1.05698	1.05482	1.05585	8066	0	0
2023.03.09	12:00:00	1.05586	1.05814	1.05526	1.05743	16116	0	0
2023.03.09	16:00:00	1.05742	1.05865	1.05637	1.05772	20377	0	0
2023.03.09	20:00:00	1.05772	1.05913	1.05725	1.05814	13644	0	0
2023.03.10	00:00:00	1.05815	1.05993	1.05744	1.05946	6256	0	1
2023.03.10	04:00:00	1.05946	1.05985	1.05790	1.05867	11100	0	0
2023.03.10	08:00:00	1.05866	1.06068	1.05740	1.05814	18020	0	0
2023.03.10	12:00:00	1.05813	1.06442	1.05778	1.06217	26888	0	0
2023.03.10	16:00:00	1.06218	1.07008	1.06121	1.06685	49426	0	0
2023.03.10	20:00:00	1.06685	1.06728	1.06361	1.06381	19656	0	0
2023.03.13	00:00:00	1.06934	1.07024	1.06639	1.06686	24822	0	0
2023.03.13	04:00:00	1.06684	1.07369	1.06680	1.07204	21026	0	0
2023.03.13	08:00:00	1.07203	1.07372	1.06626	1.06704	35123	0	0
2023.03.13	12:00:00	1.06705	1.07212	1.06504	1.06994	52721	0	0
2023.03.13	16:00:00	1.06991	1.07486	1.06968	1.07384	41338	0	0
2023.03.13	20:00:00	1.07387	1.07428	1.07210	1.07286	16548	0	0
2023.03.14	00:00:00	1.07274	1.07304	1.07052	1.07085	13764	0	0
2023.03.14	04:00:00	1.07085	1.07129	1.06971	1.07076	10490	0	0
2023.03.14	08:00:00	1.07076	1.07157	1.06790	1.07114	30175	0	0
2023.03.14	12:00:00	1.07112	1.07488	1.06981	1.07081	41817	0	0
2023.03.14	16:00:00	1.07082	1.07430	1.07052	1.07330	31129	0	0
2023.03.14	20:00:00	1.07330	1.07496	1.07261	1.07309	12432	0	0
2023.03.15	00:00:00	1.07310	1.07394	1.07250	1.07381	8627	0	0
2023.03.15	04:00:00	1.07383	1.07599	1.07360	1.07382	9938	0	0
2023.03.15	08:00:00	1.07383	1.07444	1.06657	1.06781	24549	0	0
2023.03.15	12:00:00	1.06781	1.06844	1.05224	1.05452	52512	0	0
2023.03.15	16:00:00	1.05452	1.05649	1.05160	1.05569	37238	0	0
2023.03.15	20:00:00	1.05569	1.05925	1.05473	1.05766	22914	0	0
2023.03.16	00:00:00	1.05757	1.05991	1.05731	1.05938	16374	0	0
2023.03.16	04:00:00	1.05938	1.06155	1.05874	1.06072	11542	0	0
2023.03.16	08:00:00	1.06073	1.06357	1.05928	1.06174	25746	0	0
2023.03.16	12:00:00	1.06173	1.06213	1.05507	1.06066	37316	0	0
2023.03.16	16:00:00	1.06073	1.06268	1.05729	1.05922	43067	0	0
2023.03.16	20:00:00	1.05922	1.06205	1.05917	1.06115	11496	0	0
2023.03.17	00:00:00	1.06115	1.06319	1.06081	1.06260	11368	0	0
2023.03.17	04:00:00	1.06260	1.06507	1.06257	1.06487	9721	0	0
2023.03.17	08:00:00	1.06487	1.06701	1.06403	1.06470	19028	0	0
2023.03.17	12:00:00	1.06468	1.06470	1.06122	1.06256	23075	0	0
2023.03.17	16:00:00	1.06256	1.06759	1.06248	1.06729	26329	0	0
2023.03.17	20:00:00	1.06729	1.06854	1.06586	1.06653	9591	0	0
2023.03.20	00:00:00	1.06830	1.06899	1.06653	1.06748	13804	0	0
2023.03.20	04:00:00	1.06750	1.06845	1.06644	1.06794	11040	0	0
2023.03.20	08:00:00	1.06794	1.06811	1.06313	1.06745	35693	0	0
2023.03.20	12:00:00	1.06745	1.07309	1.06709	1.07238	23733	0	0
2023.03.20	16:00:00	1.07238	1.07296	1.07069	1.07161	18214	0	0
2023.03.20	20:00:00	1.07161	1.07258	1.07142	1.07177	10460	0	0
2023.03.21	00:00:00	1.07177	1.07259	1.07151	1.07169	10448	0	0
2023.03.21	04:00:00	1.07169	1.07224	1.07097	1.07157	5534	0	0
2023.03.21	08:00:00	1.07158	1.07496	1.07041	1.07462	17732	0	0
2023.03.21	12:00:00	1.07462	1.07886	1.07401	1.07769	17971	0	0
2023.03.21	16:00:00	1.07769	1.07830	1.07608	1.07643	18372	0	0
2023.03.21	20:00:00	1.07645	1.07742	1.07563	1.07667	5220	0	0
2023.03.22	00:00:00	1.07667	1.07769	1.07659	1.07726	8122	0	0
2023.03.22	04:00:00	1.07727	1.07753	1.07653	1.07726	6861	0	0
2023.03.22	08:00:00	1.07725	1.07931	1.07592	1.07867	16275	0	0
2023.03.22	12:00:00	1.07867	1.08003	1.07760	1.07815	14780	0	0
2023.03.22	16:00:00	1.07815	1.08005	1.07758	1.07935	13520	0	0
2023.03.22	20:00:00	1.07939	1.09125	1.07930	1.08574	34886	0	0
2023.03.23	00:00:00	1.08574	1.08883	1.08569	1.08863	9435	0	0
2023.03.23	04:00:00	1.08863	1.09114	1.08822	1.09047	10965	0	0
2023.03.23	08:00:00	1.09047	1.09299	1.08807	1.08858	22627	0	0
2023.03.23	12:00:00	1.08858	1.08939	1.08669	1.08870	20708	0	0
2023.03.23	16:00:00	1.08871	1.09079	1.08642	1.08688	19420	0	0
2023.03.23	20:00:00	1.08688	1.08768	1.08242	1.08320	17429	0	0
2023.03.24	00:00:00	1.08320	1.08384	1.08205	1.08250	10935	0	0
2023.03.24	04:00:00	1.08250	1.08372	1.08173	1.08336	10342	0	0
2023.03.24	08:00:00	1.08336	1.08354	1.07215	1.07258	26148	0	0
2023.03.24	12:00:00	1.07258	1.07658	1.07124	1.07570	32051	0	0
2023.03.24	16:00:00	1.07573	1.07677	1.07416	1.07616	21956	0	0
2023.03.24	20:00:00	1.07616	1.07665	1.07541	1.07601	5780	0	0
2023.03.27	00:00:00	1.07706	1.07798	1.07609	1.07610	8075	0	0
2023.03.27	04:00:00	1.07610	1.07749	1.07576	1.07679	9408	0	0
2023.03.27	08:00:00	1.07679	1.07822	1.07451	1.07667	18197	0	0
2023.03.27	12:00:00	1.07666	1.07809	1.07566	1.07731	15121	0	0
2023.03.27	16:00:00	1.07732	1.07949	1.07702	1.07911	16299	0	0
2023.03.27	20:00:00	1.07911	1.08001	1.07862	1.07977	6582	0	0
2023.03.28	00:00:00	1.07974	1.08179	1.07934	1.08157	4713	0	0
2023.03.28	04:00:00	1.08157	1.08194	1.08100	1.08123	8573	0	0
2023.03.28	08:00:00	1.08122	1.08342	1.08063	1.08123	15034	0	0
2023.03.28	12:00:00	1.08123	1.08469	1.08102	1.08395	14771	0	0
2023.03.28	16:00:00	1.08395	1.08461	1.08165	1.08420	16752	0	0
2023.03.28	20:00:00	1.08423	1.08486	1.08357	1.08444	5569	0	0
2023.03.29	00:00:00	1.08454	1.08476	1.08362	1.08471	6720	0	0
2023.03.29	04:00:00	1.08472	1.08495	1.08338	1.08375	7549	0	0
2023.03.29	08:00:00	1.08383	1.08409	1.08178	1.08329	13079	0	0
2023.03.29	12:00:00	1.08329	1.08717	1.08323	1.08537	15473	0	0
2023.03.29	16:00:00	1.08537	1.08585	1.08236	1.08278	19362	0	0
2023.03.29	20:00:00	1.08278	1.08483	1.08259	1.08444	7579	0	0
2023.03.30	00:00:00	1.08432	1.08483	1.08355	1.08376	7600	0	0
2023.03.30	04:00:00	1.08376	1.08414	1.08264	1.08391	6105	0	0
2023.03.30	08:00:00	1.08394	1.08794	1.08237	1.08732	17749	0	0
2023.03.30	12:00:00	1.08740	1.09111	1.08591	1.09103	15323	0	0
2023.03.30	16:00:00	1.09103	1.09263	1.08946	1.09050	17799	0	0
2023.03.30	20:00:00	1.09050	1.09079	1.08922	1.09050	5441	0	0
2023.03.31	00:00:00	1.09044	1.09171	1.09016	1.09157	4988	0	0
2023.03.31	04:00:00	1.09156	1.09257	1.09012	1.09034	7823	0	0
2023.03.31	08:00:00	1.09034	1.09108	1.08730	1.08895	14430	0	0
2023.03.31	12:00:00	1.08893	1.08961	1.08642	1.08872	15825	0	0
2023.03.31	16:00:00	1.08873	1.09018	1.08576	1.08694	20136	0	0
2023.03.31	20:00:00	1.08694	1.08712	1.08363	1.08429	8091	0	0
2023.04.03	00:00:00	1.08398	1.08429	1.07987	1.08138	9440	0	0
2023.04.03	04:00:00	1.08139	1.08169	1.07882	1.07931	10084	0	0
2023.04.03	08:00:00	1.07931	1.08498	1.07892	1.08429	14727	0	0
2023.04.03	12:00:00	1.08428	1.08779	1.08428	1.08651	15159	0	0
2023.04.03	16:00:00	1.08651	1.09167	1.08645	1.08887	21544	0	0
2023.04.03	20:00:00	1.08887	1.09082	1.08801	1.09031	7417	0	0
2023.04.04	00:00:00	1.09015	1.09099	1.08990	1.09010	4950	0	0
2023.04.04	04:00:00	1.09010	1.09015	1.08879	1.08945	7956	0	0
2023.04.04	08:00:00	1.08945	1.09384	1.08830	1.09171	14774	0	0
2023.04.04	12:00:00	1.09172	1.09361	1.08869	1.08913	15418	0	0
2023.04.04	16:00:00	1.08912	1.09733	1.08885	1.09463	24781	0	0
2023.04.04	20:00:00	1.09463	1.09581	1.09437	1.09560	5506	0	0
2023.04.05	00:00:00	1.09547	1.09696	1.09443	1.09606	5154	0	0
2023.04.05	04:00:00	1.09605	1.09643	1.09537	1.09550	7244	0	0
2023.04.05	08:00:00	1.09550	1.09682	1.09409	1.09513	12647	0	0
2023.04.05	12:00:00	1.09514	1.09631	1.09350	1.09579	15640	0	0
2023.04.05	16:00:00	1.09578	1.09668	1.08962	1.08968	22483	0	0
2023.04.05	20:00:00	1.08969	1.09098	1.08911	1.09056	5394	0	0
2023.04.06	00:00:00	1.09063	1.09102	1.08930	1.08939	5692	0	0
2023.04.06	04:00:00	1.08939	1.08960	1.08846	1.08928	5092	0	0
2023.04.06	08:00:00	1.08928	1.09173	1.08897	1.08995	12353	0	0
2023.04.06	12:00:00	1.08994	1.09190	1.08897	1.08922	12590	0	0
2023.04.06	16:00:00	1.08922	1.09377	1.08860	1.09343	15560	0	0
2023.04.06	20:00:00	1.09343	1.09362	1.09163	1.09192	4549	0	0
2023.04.07	00:00:00	1.09198	1.09240	1.09141	1.09155	2622	0	0
2023.04.07	04:00:00	1.09155	1.09216	1.09146	1.09147	2736	0	0
2023.04.07	08:00:00	1.09148	1.09197	1.09115	1.09156	3198	0	0
2023.04.07	12:00:00	1.09156	1.09218	1.08757	1.09036	7412	0	0
2023.04.07	16:00:00	1.09035	1.09156	1.08934	1.09100	5588	0	0
2023.04.07	20:00:00	1.09094	1.09104	1.08973	1.08984	2160	0	0
2023.04.10	00:00:00	1.08953	1.09147	1.08953	1.09034	4715	0	0
2023.04.10	04:00:00	1.09035	1.09068	1.08947	1.08964	5540	0	0
2023.04.10	08:00:00	1.08964	1.09173	1.08910	1.09120	5863	0	0
2023.04.10	12:00:00	1.09120	1.09167	1.08471	1.08489	11299	0	0
2023.04.10	16:00:00	1.08490	1.08574	1.08313	1.08477	11951	0	0
2023.04.10	20:00:00	1.08480	1.08632	1.08480	1.08613	5683	0	0
2023.04.11	00:00:00	1.08599	1.08789	1.08458	1.08776	6271	0	0
2023.04.11	04:00:00	1.08777	1.08878	1.08670	1.08826	7823	0	0
2023.04.11	08:00:00	1.08825	1.09103	1.08810	1.09070	13144	0	0
2023.04.11	12:00:00	1.09070	1.09268	1.09022	1.09121	12959	0	0
2023.04.11	16:00:00	1.09121	1.09282	1.08974	1.08989	13296	0	0
2023.04.11	20:00:00	1.08989	1.09170	1.08962	1.09131	4576	0	0
2023.04.12	00:00:00	1.09122	1.09277	1.09060	1.09253	3221	0	0
2023.04.12	04:00:00	1.09253	1.09288	1.09165	1.09256	6136	0	0
2023.04.12	08:00:00	1.09256	1.09373	1.09161	1.09238	10509	0	0
2023.04.12	12:00:00	1.09235	1.09900	1.09197	1.09640	15108	0	0
2023.04.12	16:00:00	1.09641	1.10000	1.09583	1.09963	20375	0	0
2023.04.12	20:00:00	1.09962	1.10004	1.09864	1.09914	6558	0	0
2023.04.13	00:00:00	1.09903	1.10051	1.09866	1.10021	3631	0	0
2023.04.13	04:00:00	1.10022	1.10034	1.09838	1.09900	5119	0	0
2023.04.13	08:00:00	1.09898	1.10252	1.09766	1.10148	11424	0	0
2023.04.13	12:00:00	1.10148	1.10537	1.10084	1.10489	15628	0	0
2023.04.13	16:00:00	1.10490	1.10678	1.10434	1.10557	17214	0	0
2023.04.13	20:00:00	1.10559	1.10599	1.10440	1.10473	5253	0	0
2023.04.14	00:00:00	1.10462	1.10590	1.10436	1.10545	3555	0	0
2023.04.14	04:00:00	1.10545	1.10752	1.10531	1.10691	6195	0	0
2023.04.14	08:00:00	1.10692	1.10759	1.10539	1.10591	10141	0	0
2023.04.14	12:00:00	1.10591	1.10740	1.10186	1.10347	16990	0	0
2023.04.14	16:00:00	1.10342	1.10365	1.09724	1.09778	24134	0	0
2023.04.14	20:00:00	1.09778	1.09993	1.09754	1.09946	6741	0	0
2023.04.17	00:00:00	1.09886	1.09943	1.09727	1.09727	3942	0	0
2023.04.17	04:00:00	1.09731	1.09848	1.09617	1.09846	6729	0	0
2023.04.17	08:00:00	1.09846	1.09998	1.09642	1.09650	11328	0	0
2023.04.17	12:00:00	1.09650	1.09850	1.09516	1.09537	13356	0	0
2023.04.17	16:00:00	1.09537	1.09571	1.09093	1.09119	18800	0	0
2023.04.17	20:00:00	1.09119	1.09313	1.09118	1.09287	5135	0	0
2023.04.18	00:00:00	1.09269	1.09291	1.09202	1.09252	2869	0	0
2023.04.18	04:00:00	1.09252	1.09390	1.09234	1.09370	6591	0	0
2023.04.18	08:00:00	1.09370	1.09829	1.09344	1.09812	12256	0	0
2023.04.18	12:00:00	1.09812	1.09830	1.09546	1.09558	13082	0	0
2023.04.18	16:00:00	1.09558	1.09712	1.09430	1.09703	15610	0	0
2023.04.18	20:00:00	1.09704	1.09749	1.09673	1.09723	5353	0	0
2023.04.19	00:00:00	1.09728	1.09829	1.09635	1.09827	5240	0	0
2023.04.19	04:00:00	1.09826	1.09840	1.09649	1.09686	5564	0	0
2023.04.19	08:00:00	1.09686	1.09725	1.09465	1.09554	15420	0	0
2023.04.19	12:00:00	1.09552	1.09633	1.09174	1.09498	14867	0	0
2023.04.19	16:00:00	1.09498	1.09794	1.09474	1.09657	14947	0	0
2023.04.19	20:00:00	1.09658	1.09668	1.09516	1.09558	5777	0	0
2023.04.20	00:00:00	1.09545	1.09591	1.09470	1.09567	3431	0	0
2023.04.20	04:00:00	1.09566	1.09617	1.09495	1.09592	5848	0	0
2023.04.20	08:00:00	1.09592	1.09785	1.09500	1.09714	13050	0	0
2023.04.20	12:00:00	1.09715	1.09850	1.09335	1.09777	15985	0	0
2023.04.20	16:00:00	1.09776	1.09898	1.09634	1.09673	17051	0	0
2023.04.20	20:00:00	1.09673	1.09727	1.09564	1.09698	6369	0	0
2023.04.21	00:00:00	1.09698	1.09724	1.09618	1.09702	3115	0	0
2023.04.21	04:00:00	1.09702	1.09732	1.09587	1.09605	4420	0	0
2023.04.21	08:00:00	1.09606	1.09722	1.09379	1.09596	12941	0	0
2023.04.21	12:00:00	1.09596	1.09902	1.09490	1.09882	11233	0	0
2023.04.21	16:00:00	1.09881	1.09938	1.09426	1.09792	19423	0	0
2023.04.21	20:00:00	1.09792	1.09928	1.09722	1.09894	6095	0	0
2023.04.24	00:00:00	1.09885	1.09961	1.09842	1.09948	2851	0	0
2023.04.24	04:00:00	1.09949	1.09949	1.09796	1.09805	5265	0	0
2023.04.24	08:00:00	1.09805	1.10095	1.09659	1.10086	11068	0	0
2023.04.24	12:00:00	1.10086	1.10251	1.09991	1.10232	11959	0	0
2023.04.24	16:00:00	1.10230	1.10370	1.10130	1.10340	14076	0	0
2023.04.24	20:00:00	1.10341	1.10501	1.10336	1.10446	4789	0	0
2023.04.25	00:00:00	1.10457	1.10666	1.10406	1.10592	3967	0	0
2023.04.25	04:00:00	1.10592	1.10670	1.10508	1.10513	5874	0	0
2023.04.25	08:00:00	1.10513	1.10565	1.10247	1.10397	13393	0	0
2023.04.25	12:00:00	1.10398	1.10441	1.10096	1.10173	11143	0	0
2023.04.25	16:00:00	1.10173	1.10188	1.09653	1.09681	17485	0	0
2023.04.25	20:00:00	1.09681	1.09763	1.09641	1.09746	7833	0	0
2023.04.26	00:00:00	1.09730	1.09804	1.09604	1.09782	4982	0	0
2023.04.26	04:00:00	1.09783	1.09819	1.09683	1.09813	6160	0	0
2023.04.26	08:00:00	1.09813	1.10431	1.09799	1.10419	14347	0	0
2023.04.26	12:00:00	1.10420	1.10627	1.10313	1.10538	18891	0	0
2023.04.26	16:00:00	1.10538	1.10956	1.10330	1.10411	22053	0	0
2023.04.26	20:00:00	1.10411	1.10422	1.10324	1.10416	7403	0	0
2023.04.27	00:00:00	1.10382	1.10475	1.10319	1.10458	4274	0	0
2023.04.27	04:00:00	1.10456	1.10550	1.10390	1.10507	5696	0	0
2023.04.27	08:00:00	1.10507	1.10635	1.10401	1.10530	12548	0	0
2023.04.27	12:00:00	1.10530	1.10575	1.10007	1.10131	16601	0	0
2023.04.27	16:00:00	1.10131	1.10269	1.09922	1.10087	19908	0	0
2023.04.27	20:00:00	1.10087	1.10299	1.10055	1.10284	6370	0	0
2023.04.28	00:00:00	1.10281	1.10395	1.10199	1.10346	4866	0	0
2023.04.28	04:00:00	1.10346	1.10347	1.10082	1.10137	10655	0	0
2023.04.28	08:00:00	1.10137	1.10365	1.09768	1.09914	18797	0	0
2023.04.28	12:00:00	1.09914	1.09986	1.09624	1.09846	16475	0	0
2023.04.28	16:00:00	1.09846	1.10450	1.09827	1.10309	24454	0	0
2023.04.28	20:00:00	1.10309	1.10311	1.10121	1.10163	7311	0	0
2023.05.01	00:00:00	1.10119	1.10219	1.10045	1.10055	4345	0	0
2023.05.01	04:00:00	1.10055	1.10144	1.10007	1.10064	5125	0	0
2023.05.01	08:00:00	1.10064	1.10090	1.09915	1.09922	8160	0	0
2023.05.01	12:00:00	1.09923	1.10339	1.09884	1.10330	8561	0	0
2023.05.01	16:00:00	1.10330	1.10357	1.09644	1.09676	17580	0	0
2023.05.01	20:00:00	1.09676	1.09762	1.09654	1.09759	6927	0	0
2023.05.02	00:00:00	1.09755	1.09791	1.09631	1.09789	4329	0	0
2023.05.02	04:00:00	1.09788	1.09944	1.09785	1.09847	6376	0	0
2023.05.02	08:00:00	1.09847	1.10066	1.09600	1.09717	14076	0	0
2023.05.02	12:00:00	1.09731	1.09819	1.09482	1.09553	12111	0	0
2023.05.02	16:00:00	1.09554	1.10032	1.09422	1.09999	22124	0	0
2023.05.02	20:00:00	1.09999	1.10080	1.09947	1.09993	5710	0	0
2023.05.03	00:00:00	1.09983	1.10206	1.09969	1.10173	3947	0	0
2023.05.03	04:00:00	1.10174	1.10299	1.10129	1.10218	4673	0	0
2023.05.03	08:00:00	1.10218	1.10469	1.10143	1.10397	10781	0	0
2023.05.03	12:00:00	1.10395	1.10470	1.10216	1.10385	12315	0	0
2023.05.03	16:00:00	1.10387	1.10594	1.10288	1.10470	15953	0	0
2023.05.03	20:00:00	1.10470	1.10916	1.10373	1.10600	26259	0	0
2023.05.04	00:00:00	1.10606	1.10873	1.10527	1.10758	6831	0	0
2023.05.04	04:00:00	1.10758	1.10877	1.10713	1.10815	7074	0	0
2023.05.04	08:00:00	1.10815	1.10918	1.10371	1.10401	13501	0	0
2023.05.04	12:00:00	1.10403	1.10837	1.10013	1.10095	19431	0	0
2023.05.04	16:00:00	1.10094	1.10555	1.09862	1.10247	31227	0	0
2023.05.04	20:00:00	1.10248	1.10316	1.10113	1.10138	8149	0	0
2023.05.05	00:00:00	1.10105	1.10296	1.10087	1.10250	2782	0	0
2023.05.05	04:00:00	1.10250	1.10450	1.10250	1.10418	5056	0	0
2023.05.05	08:00:00	1.10418	1.10479	1.10241	1.10283	11550	0	0
2023.05.05	12:00:00	1.10283	1.10319	1.09667	1.09759	14621	0	0
2023.05.05	16:00:00	1.09760	1.10367	1.09760	1.10322	18983	0	0
2023.05.05	20:00:00	1.10322	1.10347	1.10096	1.10182	7438	0	0
2023.05.08	00:00:00	1.10226	1.10253	1.10142	1.10242	3815	0	0
2023.05.08	04:00:00	1.10243	1.10443	1.10187	1.10436	5105	0	0
2023.05.08	08:00:00	1.10438	1.10538	1.10359	1.10362	9530	0	0
2023.05.08	12:00:00	1.10366	1.10515	1.10230	1.10371	10742	0	0
2023.05.08	16:00:00	1.10371	1.10444	1.10117	1.10272	10812	0	0
2023.05.08	20:00:00	1.10275	1.10293	1.10001	1.10043	5940	0	0
2023.05.09	00:00:00	1.10033	1.10050	1.09850	1.09898	5354	0	0
2023.05.09	04:00:00	1.09898	1.09954	1.09850	1.09889	4364	0	0
2023.05.09	08:00:00	1.09887	1.10008	1.09728	1.09789	12388	0	0
2023.05.09	12:00:00	1.09789	1.09844	1.09499	1.09501	10295	0	0
2023.05.09	16:00:00	1.09501	1.09645	1.09411	1.09553	13848	0	0
2023.05.09	20:00:00	1.09553	1.09725	1.09544	1.09604	6138	0	0
2023.05.10	00:00:00	1.09606	1.09721	1.09450	1.09692	4723	0	0
2023.05.10	04:00:00	1.09693	1.09773	1.09682	1.09722	4116	0	0
2023.05.10	08:00:00	1.09722	1.09825	1.09501	1.09521	11506	0	0
2023.05.10	12:00:00	1.09518	1.10058	1.09417	1.10008	15624	0	0
2023.05.10	16:00:00	1.10007	1.10070	1.09642	1.09704	21774	0	0
2023.05.10	20:00:00	1.09704	1.09849	1.09617	1.09830	7241	0	0
2023.05.11	00:00:00	1.09818	1.09931	1.09771	1.09927	3632	0	0
2023.05.11	04:00:00	1.09927	1.09981	1.09697	1.09754	5751	0	0
2023.05.11	08:00:00	1.09754	1.09824	1.09182	1.09285	15509	0	0
2023.05.11	12:00:00	1.09286	1.09480	1.09180	1.09329	18643	0	0
2023.05.11	16:00:00	1.09329	1.09332	1.09002	1.09252	20342	0	0
2023.05.11	20:00:00	1.09253	1.09258	1.09108	1.09165	5579	0	0
2023.05.12	00:00:00	1.09149	1.09215	1.09115	1.09214	3277	0	0
2023.05.12	04:00:00	1.09214	1.09269	1.09150	1.09262	5500	0	0
2023.05.12	08:00:00	1.09263	1.09356	1.09045	1.09135	13035	0	0
2023.05.12	12:00:00	1.09135	1.09174	1.08814	1.08869	12610	0	0
2023.05.12	16:00:00	1.08869	1.08975	1.08486	1.08519	18536	0	0
2023.05.12	20:00:00	1.08517	1.08568	1.08478	1.08498	8284	0	0
2023.05.15	00:00:00	1.08530	1.08556	1.08454	1.08530	3933	0	0
2023.05.15	04:00:00	1.08530	1.08643	1.08523	1.08631	5083	0	0
2023.05.15	08:00:00	1.08631	1.08802	1.08601	1.08686	11083	0	0
2023.05.15	12:00:00	1.08686	1.08909	1.08556	1.08791	12323	0	0
2023.05.15	16:00:00	1.08790	1.08820	1.08639	1.08789	13509	0	0
2023.05.15	20:00:00	1.08789	1.08789	1.08728	1.08741	5158	0	0
2023.05.16	00:00:00	1.08736	1.08820	1.08715	1.08818	2394	0	0
2023.05.16	04:00:00	1.08818	1.08846	1.08683	1.08822	4465	0	0
2023.05.16	08:00:00	1.08822	1.08979	1.08630	1.08911	13174	0	0
2023.05.16	12:00:00	1.08911	1.09047	1.08681	1.08817	13388	0	0
2023.05.16	16:00:00	1.08817	1.08892	1.08549	1.08669	18957	0	0
2023.05.16	20:00:00	1.08672	1.08712	1.08582	1.08616	6719	0	0
2023.05.17	00:00:00	1.08617	1.08718	1.08573	1.08705	2904	0	0
2023.05.17	04:00:00	1.08705	1.08736	1.08622	1.08648	4775	0	0
2023.05.17	08:00:00	1.08648	1.08653	1.08272	1.08291	13746	0	0
2023.05.17	12:00:00	1.08288	1.08415	1.08138	1.08239	12499	0	0
2023.05.17	16:00:00	1.08239	1.08454	1.08103	1.08419	17814	0	0
2023.05.17	20:00:00	1.08420	1.08492	1.08364	1.08381	7908	0	0
2023.05.18	00:00:00	1.08377	1.08452	1.08348	1.08422	2920	0	0
2023.05.18	04:00:00	1.08422	1.08480	1.08327	1.08330	5604	0	0
2023.05.18	08:00:00	1.08331	1.08359	1.08092	1.08166	11903	0	0
2023.05.18	12:00:00	1.08167	1.08200	1.07853	1.07901	12396	0	0
2023.05.18	16:00:00	1.07902	1.07951	1.07628	1.07632	17185	0	0
2023.05.18	20:00:00	1.07630	1.07748	1.07625	1.07711	6749	0	0
2023.05.19	00:00:00	1.07686	1.07801	1.07643	1.07739	3409	0	0
2023.05.19	04:00:00	1.07738	1.07759	1.07599	1.07637	5967	0	0
2023.05.19	08:00:00	1.07637	1.07946	1.07616	1.07882	12400	0	0
2023.05.19	12:00:00	1.07882	1.08236	1.07877	1.08060	15098	0	0
2023.05.19	16:00:00	1.08058	1.08267	1.07822	1.08208	24567	0	0
2023.05.19	20:00:00	1.08209	1.08288	1.07977	1.08048	7718	0	0
2023.05.22	00:00:00	1.08045	1.08249	1.08045	1.08235	3811	0	0
2023.05.22	04:00:00	1.08236	1.08299	1.08178	1.08186	7368	0	0
2023.05.22	08:00:00	1.08186	1.08242	1.07956	1.08104	14144	0	0
2023.05.22	12:00:00	1.08103	1.08314	1.08083	1.08193	13198	0	0
2023.05.22	16:00:00	1.08193	1.08244	1.07962	1.08099	18004	0	0
2023.05.22	20:00:00	1.08099	1.08217	1.08082	1.08131	7309	0	0
2023.05.23	00:00:00	1.08110	1.08205	1.08061	1.08116	4378	0	0
2023.05.23	04:00:00	1.08116	1.08119	1.08027	1.08104	6319	0	0
2023.05.23	08:00:00	1.08104	1.08130	1.07849	1.08033	15401	0	0
2023.05.23	12:00:00	1.08033	1.08038	1.07632	1.07638	14321	0	0
2023.05.23	16:00:00	1.07640	1.07956	1.07602	1.07669	21383	0	0
2023.05.23	20:00:00	1.07669	1.07809	1.07642	1.07709	6844	0	0
2023.05.24	00:00:00	1.07693	1.07751	1.07637	1.07725	5371	0	0
2023.05.24	04:00:00	1.07725	1.07824	1.07677	1.07801	6421	0	0
2023.05.24	08:00:00	1.07801	1.07949	1.07703	1.07777	16692	0	0
2023.05.24	12:00:00	1.07777	1.08014	1.07482	1.07895	16623	0	0
2023.05.24	16:00:00	1.07895	1.07941	1.07496	1.07560	20815	0	0
2023.05.24	20:00:00	1.07561	1.07659	1.07493	1.07505	10807	0	0
2023.05.25	00:00:00	1.07486	1.07566	1.07422	1.07505	4359	0	0
2023.05.25	04:00:00	1.07503	1.07535	1.07330	1.07343	5939	0	0
2023.05.25	08:00:00	1.07343	1.07440	1.07141	1.07230	14489	0	0
2023.05.25	12:00:00	1.07229	1.07404	1.07148	1.07184	16889	0	0
2023.05.25	16:00:00	1.07183	1.07325	1.07074	1.07126	21129	0	0
2023.05.25	20:00:00	1.07126	1.07294	1.07115	1.07251	8448	0	0
2023.05.26	00:00:00	1.07242	1.07276	1.07190	1.07254	3861	0	0
2023.05.26	04:00:00	1.07253	1.07409	1.07243	1.07399	5542	0	0
2023.05.26	08:00:00	1.07399	1.07445	1.07254	1.07317	13130	0	0
2023.05.26	12:00:00	1.07315	1.07587	1.07257	1.07420	15293	0	0
2023.05.26	16:00:00	1.07420	1.07506	1.07018	1.07196	21963	0	0
2023.05.26	20:00:00	1.07196	1.07329	1.07187	1.07258	6190	0	0
2023.05.29	00:00:00	1.07178	1.07286	1.07159	1.07198	3391	0	0
2023.05.29	04:00:00	1.07198	1.07364	1.07184	1.07362	4268	0	0
2023.05.29	08:00:00	1.07362	1.07436	1.07154	1.07241	7210	0	0
2023.05.29	12:00:00	1.07239	1.07239	1.07099	1.07149	6281	0	0
2023.05.29	16:00:00	1.07149	1.07158	1.07061	1.07128	4375	0	0
2023.05.29	20:00:00	1.07129	1.07151	1.07055	1.07093	1287	0	0
2023.05.30	00:00:00	1.07082	1.07198	1.07042	1.07137	4450	0	0
2023.05.30	04:00:00	1.07138	1.07264	1.07012	1.07082	6827	0	0
2023.05.30	08:00:00	1.07081	1.07084	1.06726	1.07047	17322	0	0
2023.05.30	12:00:00	1.07047	1.07467	1.06971	1.07224	17548	0	0
2023.05.30	16:00:00	1.07224	1.07409	1.07163	1.07209	18601	0	0
2023.05.30	20:00:00	1.07208	1.07347	1.07143	1.07346	7371	0	0
2023.05.31	00:00:00	1.07330	1.07356	1.07238	1.07351	3527	0	0
2023.05.31	04:00:00	1.07351	1.07355	1.06943	1.06982	7304	0	0
2023.05.31	08:00:00	1.06982	1.06990	1.06587	1.06598	16912	0	0
2023.05.31	12:00:00	1.06596	1.06875	1.06596	1.06808	12250	0	0
2023.05.31	16:00:00	1.06808	1.07053	1.06353	1.06380	25895	0	0
2023.05.31	20:00:00	1.06380	1.06921	1.06355	1.06885	11186	0	0
2023.06.01	00:00:00	1.06872	1.06974	1.06801	1.06865	4490	0	0
2023.06.01	04:00:00	1.06865	1.06939	1.06801	1.06818	7841	0	0
2023.06.01	08:00:00	1.06815	1.06869	1.06619	1.06866	12574	0	0
2023.06.01	12:00:00	1.06872	1.07156	1.06829	1.07082	15292	0	0
2023.06.01	16:00:00	1.07081	1.07641	1.07030	1.07599	19875	0	0
2023.06.01	20:00:00	1.07601	1.07686	1.07558	1.07615	6253	0	0
2023.06.02	00:00:00	1.07617	1.07654	1.07550	1.07618	3318	0	0
2023.06.02	04:00:00	1.07618	1.07691	1.07586	1.07631	5175	0	0
2023.06.02	08:00:00	1.07632	1.07791	1.07601	1.07743	9710	0	0
2023.06.02	12:00:00	1.07742	1.07770	1.07346	1.07474	15599	0	0
2023.06.02	16:00:00	1.07474	1.07711	1.07088	1.07101	19549	0	0
2023.06.02	20:00:00	1.07101	1.07158	1.07052	1.07060	5790	0	0
2023.06.05	00:00:00	1.07071	1.07091	1.06903	1.06937	6033	0	0
2023.06.05	04:00:00	1.06937	1.07046	1.06908	1.06999	9255	0	0
2023.06.05	08:00:00	1.06999	1.07039	1.06834	1.06961	16074	0	0
2023.06.05	12:00:00	1.06961	1.06991	1.06747	1.06789	8187	0	0
2023.06.05	16:00:00	1.06787	1.07225	1.06779	1.07115	17199	0	0
2023.06.05	20:00:00	1.07116	1.07175	1.07075	1.07125	5177	0	0
2023.06.06	00:00:00	1.07109	1.07169	1.07073	1.07160	3209	0	0
2023.06.06	04:00:00	1.07160	1.07248	1.07129	1.07234	5269	0	0
2023.06.06	08:00:00	1.07234	1.07329	1.06951	1.06993	14430	0	0
2023.06.06	12:00:00	1.06994	1.07011	1.06671	1.06707	10849	0	0
2023.06.06	16:00:00	1.06707	1.06979	1.06692	1.06884	12575	0	0
2023.06.06	20:00:00	1.06884	1.06963	1.06823	1.06923	4483	0	0
2023.06.07	00:00:00	1.06915	1.07044	1.06912	1.07004	2755	0	0
2023.06.07	04:00:00	1.07004	1.07014	1.06887	1.06905	5488	0	0
2023.06.07	08:00:00	1.06906	1.06934	1.06683	1.06931	9912	0	0
2023.06.07	12:00:00	1.06933	1.07231	1.06902	1.07161	10443	0	0
2023.06.07	16:00:00	1.07159	1.07398	1.06929	1.06933	18311	0	0
2023.06.07	20:00:00	1.06933	1.07054	1.06911	1.06982	6476	0	0
2023.06.08	00:00:00	1.06975	1.07100	1.06913	1.07085	3624	0	0
2023.06.08	04:00:00	1.07086	1.07137	1.07027	1.07116	5205	0	0
2023.06.08	08:00:00	1.07116	1.07191	1.07010	1.07123	7111	0	0
2024.01.02	00:00:00	1.10437	1.10451	1.10340	1.10347	10037	0	1
2024.01.02	04:00:00	1.10348	1.10358	1.10163	1.10331	17127	0	1
2024.01.02	08:00:00	1.10332	1.10389	1.10108	1.10152	36734	0	0
2024.01.02	12:00:00	1.10150	1.10171	1.09492	1.09528	47781	0	0
2024.01.02	16:00:00	1.09527	1.09684	1.09407	1.09506	68980	0	0
2024.01.02	20:00:00	1.09506	1.09560	1.09374	1.09407	24512	0	1
2024.01.03	00:00:00	1.09425	1.09547	1.09362	1.09513	11519	0	0
2024.01.03	04:00:00	1.09513	1.09629	1.09485	1.09510	11613	0	0
2024.01.03	08:00:00	1.09510	1.09655	1.09349	1.09364	31932	0	0
2024.01.03	12:00:00	1.09363	1.09391	1.09100	1.09216	47487	0	0
2024.01.03	16:00:00	1.09216	1.09390	1.08979	1.09067	78781	0	0
2024.01.03	20:00:00	1.09068	1.09258	1.08925	1.09212	53469	0	1
2024.01.04	00:00:00	1.09205	1.09276	1.09056	1.09177	11053	0	3
2024.01.04	04:00:00	1.09177	1.09308	1.09156	1.09265	13463	0	0
2024.01.04	08:00:00	1.09265	1.09691	1.09205	1.09676	41475	0	0
2024.01.04	12:00:00	1.09677	1.09723	1.09326	1.09471	44873	0	0
2024.01.04	16:00:00	1.09471	1.09654	1.09382	1.09505	60802	0	0
2024.01.04	20:00:00	1.09505	1.09545	1.09428	1.09435	23594	0	1
2024.01.05	00:00:00	1.09443	1.09559	1.09405	1.09516	15605	0	2
2024.01.05	04:00:00	1.09516	1.09541	1.09338	1.09373	11823	0	3
2024.01.05	08:00:00	1.09374	1.09374	1.09027	1.09128	34415	0	0
2024.01.05	12:00:00	1.09128	1.09281	1.08769	1.09215	55707	0	0
2024.01.05	16:00:00	1.09217	1.09988	1.09216	1.09462	111451	0	0
2024.01.05	20:00:00	1.09461	1.09598	1.09352	1.09408	34574	0	0
2024.01.08	00:00:00	1.09331	1.09530	1.09326	1.09479	10363	0	1
2024.01.08	04:00:00	1.09479	1.09479	1.09303	1.09375	12790	0	0
2024.01.08	08:00:00	1.09375	1.09523	1.09225	1.09370	33958	0	0
2024.01.08	12:00:00	1.09374	1.09564	1.09342	1.09508	39588	0	0
2024.01.08	16:00:00	1.09508	1.09789	1.09492	1.09646	59628	0	0
2024.01.08	20:00:00	1.09646	1.09659	1.09487	1.09496	27084	0	0
2024.01.09	00:00:00	1.09525	1.09619	1.09450	1.09614	15694	0	1
2024.01.09	04:00:00	1.09615	1.09664	1.09477	1.09498	14316	0	0
2024.01.09	08:00:00	1.09496	1.09630	1.09380	1.09441	33727	0	0
2024.01.09	12:00:00	1.09442	1.09482	1.09286	1.09462	43367	0	0
2024.01.09	16:00:00	1.09462	1.09514	1.09101	1.09341	64002	0	0
2024.01.09	20:00:00	1.09340	1.09404	1.09198	1.09305	31202	0	1
2024.01.10	00:00:00	1.09305	1.09364	1.09231	1.09321	12589	0	2
2024.01.10	04:00:00	1.09321	1.09360	1.09275	1.09322	12032	0	0
2024.01.10	08:00:00	1.09321	1.09519	1.09228	1.09473	35473	0	0
2024.01.10	12:00:00	1.09472	1.09555	1.09403	1.09404	33061	0	0
2024.01.10	16:00:00	1.09403	1.09692	1.09318	1.09670	53264	0	0
2024.01.10	20:00:00	1.09671	1.09730	1.09592	1.09718	28144	0	0
2024.01.11	00:00:00	1.09716	1.09802	1.09659	1.09787	13186	0	0
2024.01.11	04:00:00	1.09787	1.09849	1.09754	1.09782	13018	0	3
2024.01.11	08:00:00	1.09781	1.09886	1.09589	1.09638	28590	0	0
2024.01.11	12:00:00	1.09637	1.10004	1.09354	1.09400	59120	0	0
2024.01.11	16:00:00	1.09400	1.09736	1.09299	1.09509	110574	0	0
2024.01.11	20:00:00	1.09508	1.09830	1.09497	1.09716	45170	0	1
2024.01.12	00:00:00	1.09620	1.09849	1.09613	1.09826	16233	0	3
2024.01.12	04:00:00	1.09825	1.09854	1.09729	1.09754	13020	0	0
2024.01.12	08:00:00	1.09755	1.09829	1.09609	1.09626	32590	0	0
2024.01.12	12:00:00	1.09625	1.09696	1.09358	1.09552	54963	0	0
2024.01.12	16:00:00	1.09552	1.09871	1.09468	1.09496	74951	0	0
2024.01.12	20:00:00	1.09496	1.09636	1.09474	1.09497	24262	0	1
2024.01.15	00:00:00	1.09472	1.09561	1.09406	1.09546	15138	0	2
2024.01.15	04:00:00	1.09547	1.09675	1.09547	1.09639	13762	0	0
2024.01.15	08:00:00	1.09640	1.09666	1.09430	1.09467	27897	0	0
2024.01.15	12:00:00	1.09467	1.09592	1.09335	1.09506	35959	0	0
2024.01.15	16:00:00	1.09506	1.09526	1.09379	1.09482	30106	0	0
2024.01.15	20:00:00	1.09482	1.09536	1.09461	1.09482	5602	0	0
2024.01.16	00:00:00	1.09468	1.09510	1.09152	1.09275	23975	0	1
2024.01.16	04:00:00	1.09277	1.09277	1.09122	1.09153	17923	0	0
2024.01.16	08:00:00	1.09153	1.09267	1.08839	1.08862	44228	0	0
2024.01.16	12:00:00	1.08862	1.08981	1.08714	1.08742	50880	0	0
2024.01.16	16:00:00	1.08743	1.08946	1.08619	1.08630	87842	0	0
2024.01.16	20:00:00	1.08630	1.08772	1.08627	1.08748	26624	0	0
2024.01.17	00:00:00	1.08743	1.08822	1.08620	1.08773	15121	0	0
2024.01.17	04:00:00	1.08773	1.08846	1.08604	1.08649	18099	0	0
2024.01.17	08:00:00	1.08649	1.08817	1.08553	1.08766	43715	0	0
2024.01.17	12:00:00	1.08765	1.08840	1.08514	1.08637	47912	0	0
2024.01.17	16:00:00	1.08638	1.08711	1.08444	1.08670	68878	0	0
2024.01.17	20:00:00	1.08670	1.08827	1.08562	1.08823	28798	0	1
2024.01.18	00:00:00	1.08814	1.09008	1.08792	1.08960	20898	0	3
2024.01.18	04:00:00	1.08962	1.09027	1.08900	1.08948	16391	0	3
2024.01.18	08:00:00	1.08947	1.09069	1.08767	1.08846	34439	0	0
2024.01.18	12:00:00	1.08845	1.08961	1.08503	1.08524	44550	0	0
2024.01.18	16:00:00	1.08524	1.08702	1.08465	1.08596	70610	0	0
2024.01.18	20:00:00	1.08596	1.08771	1.08540	1.08757	29102	0	0
2024.01.19	00:00:00	1.08760	1.08872	1.08591	1.08855	14569	0	1
2024.01.19	04:00:00	1.08855	1.08895	1.08793	1.08808	12403	0	0
2024.01.19	08:00:00	1.08808	1.08864	1.08680	1.08829	29726	0	0
2024.01.19	12:00:00	1.08829	1.08931	1.08730	1.08803	30966	0	0
2024.01.19	16:00:00	1.08804	1.08935	1.08654	1.08897	60945	0	0
2024.01.19	20:00:00	1.08896	1.08974	1.08855	1.08968	24185	0	1
2024.01.22	00:00:00	1.08898	1.09050	1.08832	1.09018	18166	0	3
2024.01.22	04:00:00	1.09018	1.09093	1.08979	1.09015	13536	0	0
2024.01.22	08:00:00	1.09015	1.09096	1.08871	1.08970	29556	0	0
2024.01.22	12:00:00	1.08970	1.08994	1.08797	1.08917	36801	0	0
2024.01.22	16:00:00	1.08917	1.09000	1.08816	1.08961	43915	0	0
2024.01.22	20:00:00	1.08961	1.08965	1.08801	1.08820	23934	0	0
2024.01.23	00:00:00	1.08816	1.08886	1.08756	1.08883	19935	0	0
2024.01.23	04:00:00	1.08883	1.09080	1.08847	1.09068	22474	0	3
2024.01.23	08:00:00	1.09068	1.09162	1.08836	1.08875	39551	0	0
2024.01.23	12:00:00	1.08875	1.08883	1.08601	1.08742	39574	0	0
2024.01.23	16:00:00	1.08742	1.08742	1.08215	1.08315	61939	0	0
2024.01.23	20:00:00	1.08314	1.08555	1.08302	1.08542	24349	0	1
2024.01.24	00:00:00	1.08547	1.08600	1.08410	1.08579	11697	0	0
2024.01.24	04:00:00	1.08578	1.08662	1.08530	1.08616	13303	0	0
2024.01.24	08:00:00	1.08617	1.09078	1.08602	1.09028	39804	0	0
2024.01.24	12:00:00	1.09027	1.09274	1.08873	1.09249	41818	0	0
2024.01.24	16:00:00	1.09249	1.09325	1.08903	1.09052	73036	0	0
2024.01.24	20:00:00	1.09053	1.09061	1.08769	1.08840	33037	0	0
2024.01.25	00:00:00	1.08840	1.08865	1.08700	1.08775	13146	0	2
2024.01.25	04:00:00	1.08775	1.08820	1.08742	1.08782	12094	0	0
2024.01.25	08:00:00	1.08782	1.08998	1.08753	1.08959	29542	0	0
2024.01.25	12:00:00	1.08959	1.09021	1.08665	1.08790	53357	0	0
2024.01.25	16:00:00	1.08790	1.08790	1.08239	1.08377	93472	0	0
2024.01.25	20:00:00	1.08379	1.08475	1.08213	1.08455	35021	0	1
2024.01.26	00:00:00	1.08455	1.08477	1.08356	1.08443	11283	0	0
2024.01.26	04:00:00	1.08443	1.08489	1.08379	1.08426	10771	0	0
2024.01.26	08:00:00	1.08426	1.08505	1.08128	1.08442	37165	0	0
2024.01.26	12:00:00	1.08442	1.08857	1.08441	1.08720	48671	0	0
2024.01.26	16:00:00	1.08721	1.08804	1.08549	1.08636	55427	0	0
2024.01.26	20:00:00	1.08636	1.08660	1.08512	1.08533	20941	0	0
2024.01.29	00:00:00	1.08440	1.08494	1.08387	1.08439	16320	0	3
2024.01.29	04:00:00	1.08439	1.08477	1.08390	1.08398	11187	0	0
2024.01.29	08:00:00	1.08399	1.08502	1.08230	1.08252	28850	0	0
2024.01.29	12:00:00	1.08252	1.08369	1.08136	1.08204	38255	0	0
2024.01.29	16:00:00	1.08204	1.08227	1.07957	1.08115	45276	0	0
2024.01.29	20:00:00	1.08114	1.08404	1.08091	1.08321	28852	0	1
2024.01.30	00:00:00	1.08314	1.08424	1.08242	1.08349	14132	0	1
2024.01.30	04:00:00	1.08348	1.08362	1.08214	1.08223	12667	0	0
2024.01.30	08:00:00	1.08224	1.08323	1.08116	1.08269	33534	0	0
2024.01.30	12:00:00	1.08270	1.08500	1.08231	1.08346	37139	0	0
2024.01.30	16:00:00	1.08349	1.08575	1.08278	1.08389	72163	0	0
2024.01.30	20:00:00	1.08389	1.08486	1.08313	1.08451	23917	0	1
2024.01.31	00:00:00	1.08451	1.08481	1.08310	1.08314	13163	0	0
2024.01.31	04:00:00	1.08315	1.08315	1.08157	1.08203	18379	0	0
2024.01.31	08:00:00	1.08203	1.08368	1.08061	1.08223	36834	0	0
2024.01.31	12:00:00	1.08223	1.08627	1.08214	1.08574	46250	0	0
2024.01.31	16:00:00	1.08573	1.08876	1.08417	1.08496	90818	0	0
2024.01.31	20:00:00	1.08496	1.08642	1.07945	1.08174	116173	0	0
2024.02.01	00:00:00	1.08173	1.08203	1.08015	1.08089	15045	0	0
2024.02.01	04:00:00	1.08088	1.08220	1.08023	1.08027	17231	0	0
2024.02.01	08:00:00	1.08028	1.08053	1.07799	1.07987	39505	0	0
2024.02.01	12:00:00	1.07988	1.08275	1.07915	1.08140	50200	0	0
2024.02.01	16:00:00	1.08138	1.08748	1.08059	1.08728	99412	0	0
2024.02.01	20:00:00	1.08727	1.08749	1.08626	1.08709	40561	0	1
2024.02.02	00:00:00	1.08710	1.08799	1.08626	1.08714	11393	0	2
2024.02.02	04:00:00	1.08714	1.08825	1.08712	1.08774	12490	0	0
2024.02.02	08:00:00	1.08774	1.08976	1.08735	1.08909	26861	0	0
2024.02.02	12:00:00	1.08909	1.08950	1.08037	1.08074	47225	0	0
2024.02.02	16:00:00	1.08072	1.08172	1.07805	1.07835	84770	0	0
2024.02.02	20:00:00	1.07835	1.07974	1.07803	1.07858	30443	0	1
2024.02.05	00:00:00	1.07818	1.07863	1.07670	1.07783	26477	0	3
2024.02.05	04:00:00	1.07780	1.07823	1.07732	1.07819	15982	0	0
2024.02.05	08:00:00	1.07820	1.07862	1.07519	1.07538	34666	0	0
2024.02.05	12:00:00	1.07538	1.07588	1.07360	1.07375	38118	0	0
2024.02.05	16:00:00	1.07374	1.07451	1.07231	1.07389	60086	0	0
2024.02.05	20:00:00	1.07390	1.07466	1.07366	1.07421	24428	0	0
2024.02.06	00:00:00	1.07408	1.07473	1.07370	1.07453	10214	0	2
2024.02.06	04:00:00	1.07453	1.07543	1.07433	1.07533	15290	0	0
2024.02.06	08:00:00	1.07533	1.07625	1.07255	1.07292	32655	0	0
2024.02.06	12:00:00	1.07292	1.07440	1.07225	1.07304	26434	0	0
2024.02.06	16:00:00	1.07304	1.07552	1.07290	1.07510	38607	0	0
2024.02.06	20:00:00	1.07509	1.07574	1.07432	1.07539	18004	0	0
2024.02.07	00:00:00	1.07536	1.07650	1.07468	1.07633	7469	0	0
2024.02.07	04:00:00	1.07631	1.07665	1.07566	1.07626	9502	0	0
2024.02.07	08:00:00	1.07626	1.07736	1.07566	1.07693	19476	0	0
2024.02.07	12:00:00	1.07693	1.07841	1.07623	1.07701	24687	0	0
2024.02.07	16:00:00	1.07701	1.07800	1.07556	1.07648	42317	0	0
2024.02.07	20:00:00	1.07647	1.07755	1.07643	1.07711	16067	0	1
2024.02.08	00:00:00	1.07711	1.07800	1.07600	1.07785	6506	0	1
2024.02.08	04:00:00	1.07785	1.07885	1.07780	1.07826	8671	0	0
2024.02.08	08:00:00	1.07825	1.07889	1.07684	1.07830	19253	0	0
2024.02.08	12:00:00	1.07830	1.07856	1.07414	1.07439	28244	0	0
2024.02.08	16:00:00	1.07437	1.07767	1.07433	1.07734	33225	0	0
2024.02.08	20:00:00	1.07734	1.07828	1.07724	1.07769	18776	0	0
2024.02.09	00:00:00	1.07771	1.07787	1.07721	1.07742	6239	0	0
2024.02.09	04:00:00	1.07742	1.07783	1.07692	1.07710	7044	0	0
2024.02.09	08:00:00	1.07710	1.07848	1.07661	1.07671	17894	0	0
2024.02.09	12:00:00	1.07671	1.07946	1.07622	1.07830	35476	0	0
2024.02.09	16:00:00	1.07828	1.07953	1.07749	1.07855	32735	0	0
2024.02.09	20:00:00	1.07855	1.07910	1.07796	1.07844	10253	0	0
2024.02.12	00:00:00	1.07785	1.07998	1.07775	1.07956	8947	0	0
2024.02.12	04:00:00	1.07956	1.07979	1.07891	1.07916	10923	0	0
2024.02.12	08:00:00	1.07916	1.08058	1.07668	1.07691	25992	0	0
2024.02.12	12:00:00	1.07692	1.07791	1.07609	1.07638	29912	0	0
2024.02.12	16:00:00	1.07639	1.07824	1.07557	1.07824	31173	0	0
2024.02.12	20:00:00	1.07821	1.07863	1.07678	1.07695	16769	0	0
2024.02.13	00:00:00	1.07712	1.07744	1.07630	1.07667	4691	0	0
2024.02.13	04:00:00	1.07666	1.07678	1.07604	1.07666	6073	0	0
2024.02.13	08:00:00	1.07667	1.07778	1.07566	1.07668	27910	0	0
2024.02.13	12:00:00	1.07669	1.07977	1.07028	1.07086	43716	0	0
2024.02.13	16:00:00	1.07086	1.07269	1.07002	1.07152	46852	0	0
2024.02.13	20:00:00	1.07153	1.07202	1.07003	1.07084	16951	0	0
2024.02.14	00:00:00	1.07083	1.07144	1.07030	1.07115	6650	0	0
2024.02.14	04:00:00	1.07114	1.07148	1.07079	1.07138	6878	0	0
2024.02.14	08:00:00	1.07139	1.07188	1.06945	1.07003	30962	0	1
2024.02.14	12:00:00	1.07002	1.07168	1.06962	1.07087	29559	0	0
2024.02.14	16:00:00	1.07088	1.07347	1.07064	1.07306	38124	0	0
2024.02.14	20:00:00	1.07308	1.07338	1.07242	1.07257	12536	0	1
2024.02.15	00:00:00	1.07241	1.07355	1.07229	1.07281	4844	0	0
2024.02.15	04:00:00	1.07282	1.07321	1.07244	1.07288	6008	0	0
2024.02.15	08:00:00	1.07289	1.07417	1.07269	1.07331	24804	0	0
2024.02.15	12:00:00	1.07331	1.07728	1.07306	1.07662	33129	0	0
2024.02.15	16:00:00	1.07662	1.07850	1.07551	1.07625	44910	0	0
2024.02.15	20:00:00	1.07624	1.07733	1.07602	1.07714	12976	0	1
2024.02.16	00:00:00	1.07705	1.07769	1.07608	1.07647	6526	0	0
2024.02.16	04:00:00	1.07648	1.07650	1.07571	1.07601	7583	0	0
2024.02.16	08:00:00	1.07601	1.07719	1.07583	1.07661	23005	0	0
2024.02.16	12:00:00	1.07661	1.07801	1.07319	1.07463	31282	0	0
2024.02.16	16:00:00	1.07463	1.07779	1.07407	1.07779	41059	0	0
2024.02.16	20:00:00	1.07778	1.07874	1.07727	1.07769	15297	0	1
2024.02.19	00:00:00	1.07722	1.07889	1.07706	1.07803	7566	0	0
2024.02.19	04:00:00	1.07803	1.07832	1.07746	1.07816	7233	0	0
2024.02.19	08:00:00	1.07817	1.07894	1.07721	1.07747	21793	0	0
2024.02.19	12:00:00	1.07748	1.07818	1.07674	1.07700	21661	0	0
2024.02.19	16:00:00	1.07700	1.07764	1.07618	1.07761	19961	0	0
2024.02.19	20:00:00	1.07760	1.07837	1.07757	1.07782	5910	0	0
2024.02.20	00:00:00	1.07785	1.07800	1.07648	1.07658	8156	0	0
2024.02.20	04:00:00	1.07658	1.07709	1.07613	1.07678	8612	0	0
2024.02.20	08:00:00	1.07678	1.07990	1.07672	1.07976	26449	0	1
2024.02.20	12:00:00	1.07976	1.08250	1.07935	1.08232	35748	0	0
2024.02.20	16:00:00	1.08231	1.08389	1.08089	1.08118	38211	0	0
2024.02.20	20:00:00	1.08117	1.08131	1.08043	1.08068	14595	0	0
2024.02.21	00:00:00	1.08064	1.08126	1.08028	1.08119	6530	0	2
2024.02.21	04:00:00	1.08118	1.08190	1.08116	1.08150	8421	0	0
2024.02.21	08:00:00	1.08149	1.08153	1.07897	1.07996	26563	0	1
2024.02.21	12:00:00	1.07996	1.08116	1.07939	1.08101	27263	0	0
2024.02.21	16:00:00	1.08099	1.08201	1.08007	1.08075	34156	0	0
2024.02.21	20:00:00	1.08075	1.08245	1.07997	1.08180	23470	0	1
2024.02.22	00:00:00	1.08181	1.08318	1.08102	1.08267	7249	0	0
2024.02.22	04:00:00	1.08265	1.08379	1.08188	1.08332	9482	0	0
2024.02.22	08:00:00	1.08330	1.08884	1.08326	1.08529	37916	0	1
2024.02.22	12:00:00	1.08529	1.08590	1.08211	1.08233	33660	0	0
2024.02.22	16:00:00	1.08233	1.08246	1.08027	1.08201	41458	0	0
2024.02.22	20:00:00	1.08201	1.08263	1.08142	1.08220	13642	0	0
2024.02.23	00:00:00	1.08222	1.08320	1.08147	1.08268	6978	0	0
2024.02.23	04:00:00	1.08269	1.08307	1.08207	1.08226	6975	0	0
2024.02.23	08:00:00	1.08227	1.08326	1.08138	1.08174	23687	0	0
2024.02.23	12:00:00	1.08174	1.08396	1.08168	1.08319	29591	0	0
2024.02.23	16:00:00	1.08319	1.08370	1.08116	1.08247	34421	0	0
2024.02.23	20:00:00	1.08247	1.08295	1.08174	1.08184	12421	0	0
2024.02.26	00:00:00	1.08309	1.08309	1.08125	1.08162	12984	0	0
2024.02.26	04:00:00	1.08164	1.08241	1.08140	1.08230	6585	0	0
2024.02.26	08:00:00	1.08229	1.08405	1.08218	1.08399	23703	0	0
2024.02.26	12:00:00	1.08400	1.08597	1.08383	1.08579	27645	0	0
2024.02.26	16:00:00	1.08580	1.08588	1.08386	1.08451	31790	0	0
2024.02.26	20:00:00	1.08452	1.08527	1.08394	1.08484	16416	0	0
2024.02.27	00:00:00	1.08502	1.08513	1.08449	1.08498	4767	0	0
2024.02.27	04:00:00	1.08499	1.08555	1.08479	1.08517	7528	0	0
2024.02.27	08:00:00	1.08519	1.08661	1.08468	1.08528	27581	0	1
2024.02.27	12:00:00	1.08530	1.08633	1.08416	1.08478	28705	0	0
2024.02.27	16:00:00	1.08478	1.08580	1.08328	1.08507	33534	0	0
2024.02.27	20:00:00	1.08508	1.08567	1.08406	1.08431	14944	0	0
2024.02.28	00:00:00	1.08432	1.08468	1.08374	1.08391	6326	0	0
2024.02.28	04:00:00	1.08392	1.08402	1.08250	1.08268	11356	0	0
2024.02.28	08:00:00	1.08267	1.08294	1.07963	1.07998	31097	0	1
2024.02.28	12:00:00	1.07998	1.08308	1.07992	1.08279	33577	0	0
2024.02.28	16:00:00	1.08279	1.08460	1.08212	1.08382	34792	0	0
2024.02.28	20:00:00	1.08383	1.08407	1.08322	1.08369	11931	0	0
2024.02.29	00:00:00	1.08372	1.08405	1.08277	1.08288	7425	0	0
2024.02.29	04:00:00	1.08288	1.08378	1.08284	1.08353	13478	0	0
2024.02.29	08:00:00	1.08352	1.08521	1.08256	1.08507	29669	0	1
2024.02.29	12:00:00	1.08505	1.08545	1.08217	1.08379	38539	0	0
2024.02.29	16:00:00	1.08378	1.08560	1.07957	1.07998	44311	0	0
2024.02.29	20:00:00	1.07998	1.08113	1.07982	1.08038	17785	0	0
2024.03.01	00:00:00	1.08045	1.08213	1.07963	1.08213	8461	0	0
2024.03.01	04:00:00	1.08212	1.08218	1.08107	1.08119	7379	0	0
2024.03.01	08:00:00	1.08120	1.08200	1.08079	1.08154	23449	0	0
2024.03.01	12:00:00	1.08154	1.08248	1.07982	1.08128	32719	0	0
2024.03.01	16:00:00	1.08128	1.08418	1.07979	1.08376	40939	0	0
2024.03.01	20:00:00	1.08375	1.08433	1.08311	1.08387	14327	0	1
2024.03.04	00:00:00	1.08400	1.08481	1.08290	1.08400	14755	0	0
2024.03.04	04:00:00	1.08400	1.08466	1.08383	1.08442	9001	0	0
2024.03.04	08:00:00	1.08439	1.08580	1.08375	1.08492	30276	0	1
2024.03.04	12:00:00	1.08491	1.08577	1.08400	1.08486	24074	0	0
2024.03.04	16:00:00	1.08487	1.08670	1.08448	1.08578	32557	0	0
2024.03.04	20:00:00	1.08579	1.08606	1.08530	1.08530	11483	0	1
2024.03.05	00:00:00	1.08548	1.08581	1.08472	1.08493	11359	0	1
2024.03.05	04:00:00	1.08493	1.08548	1.08481	1.08527	7963	0	0
2024.03.05	08:00:00	1.08528	1.08559	1.08415	1.08514	27425	0	0
2024.03.05	12:00:00	1.08512	1.08549	1.08419	1.08462	24247	0	0
2024.03.05	16:00:00	1.08463	1.08765	1.08401	1.08598	37430	0	0
2024.03.05	20:00:00	1.08599	1.08601	1.08487	1.08545	17770	0	0
2024.03.06	00:00:00	1.08560	1.08588	1.08417	1.08437	9102	0	0
2024.03.06	04:00:00	1.08437	1.08569	1.08435	1.08549	11735	0	0
2024.03.06	08:00:00	1.08549	1.08778	1.08544	1.08763	25976	0	1
2024.03.06	12:00:00	1.08762	1.08849	1.08674	1.08845	29078	0	0
2024.03.06	16:00:00	1.08845	1.09154	1.08811	1.09022	44356	0	0
2024.03.06	20:00:00	1.09023	1.09077	1.08926	1.08973	22210	0	1
2024.03.07	00:00:00	1.08975	1.09075	1.08925	1.08977	10374	0	0
2024.03.07	04:00:00	1.08977	1.09056	1.08932	1.09002	10414	0	0
2024.03.07	08:00:00	1.09002	1.09043	1.08875	1.09016	25573	0	1
2024.03.07	12:00:00	1.09016	1.09020	1.08676	1.08722	32586	0	0
2024.03.07	16:00:00	1.08722	1.09419	1.08690	1.09369	45260	0	0
2024.03.07	20:00:00	1.09367	1.09493	1.09362	1.09465	13421	0	0
2024.03.08	00:00:00	1.09472	1.09557	1.09409	1.09478	9244	0	0
2024.03.08	04:00:00	1.09478	1.09507	1.09438	1.09464	8075	0	0
2024.03.08	08:00:00	1.09464	1.09512	1.09258	1.09353	28108	0	1
2024.03.08	12:00:00	1.09353	1.09813	1.09183	1.09580	35730	0	0
2024.03.08	16:00:00	1.09580	1.09667	1.09367	1.09392	45714	0	0
2024.03.08	20:00:00	1.09393	1.09439	1.09333	1.09370	15505	0	2
2024.03.11	00:00:00	1.09388	1.09466	1.09346	1.09404	11661	0	0
2024.03.11	04:00:00	1.09403	1.09442	1.09366	1.09411	8575	0	0
2024.03.11	08:00:00	1.09412	1.09483	1.09337	1.09346	21751	0	1
2024.03.11	12:00:00	1.09346	1.09436	1.09175	1.09197	24663	0	0
2024.03.11	16:00:00	1.09196	1.09303	1.09144	1.09251	27929	0	0
2024.03.11	20:00:00	1.09252	1.09268	1.09176	1.09249	14794	0	2
2024.03.12	00:00:00	1.09249	1.09343	1.09233	1.09335	5796	0	3
2024.03.12	04:00:00	1.09333	1.09389	1.09298	1.09382	7632	0	1
2024.03.12	08:00:00	1.09381	1.09395	1.09211	1.09303	21235	0	0
2024.03.12	12:00:00	1.09302	1.09436	1.09022	1.09107	14976	0	0
2024.03.12	16:00:00	1.09114	1.09207	1.09063	1.09193	11443	0	0
2024.03.12	20:00:00	1.09192	1.09273	1.09185	1.09261	3935	0	0
2024.03.13	00:00:00	1.09261	1.09296	1.09235	1.09239	3342	0	0
2024.03.13	04:00:00	1.09239	1.09306	1.09221	1.09286	3753	0	0
2024.03.13	08:00:00	1.09286	1.09327	1.09201	1.09232	7149	0	0
2024.03.13	12:00:00	1.09232	1.09474	1.09222	1.09371	8376	0	0
2024.03.13	16:00:00	1.09371	1.09637	1.09314	1.09570	10096	0	0
2024.03.13	20:00:00	1.09570	1.09584	1.09429	1.09473	4336	0	0
2024.03.14	00:00:00	1.09475	1.09547	1.09452	1.09487	3126	0	0
2024.03.14	04:00:00	1.09488	1.09498	1.09390	1.09396	2839	0	0
2024.03.14	08:00:00	1.09396	1.09443	1.09318	1.09413	7253	0	0
2024.03.14	12:00:00	1.09413	1.09453	1.09088	1.09117	12195	0	0
2024.03.14	16:00:00	1.09117	1.09141	1.08810	1.08864	11622	0	0
2024.03.14	20:00:00	1.08864	1.08919	1.08792	1.08845	4907	0	0
2024.03.15	00:00:00	1.08845	1.08851	1.08754	1.08770	3382	0	0
2024.03.15	04:00:00	1.08769	1.08781	1.08729	1.08769	3122	0	0
2024.03.15	08:00:00	1.08768	1.08995	1.08753	1.08980	7039	0	0
2024.03.15	12:00:00	1.08981	1.08996	1.08832	1.08862	8445	0	0
2024.03.15	16:00:00	1.08866	1.08943	1.08813	1.08837	9133	0	0
2024.03.15	20:00:00	1.08837	1.08914	1.08837	1.08872	3151	0	0
2024.03.18	00:00:00	1.08881	1.08905	1.08803	1.08890	3784	0	0
2024.03.18	04:00:00	1.08892	1.08917	1.08853	1.08870	3141	0	0
2024.03.18	08:00:00	1.08870	1.09005	1.08866	1.08993	5625	0	0
2024.03.18	12:00:00	1.08993	1.09060	1.08855	1.08889	7156	0	0
2024.03.18	16:00:00	1.08890	1.08932	1.08661	1.08685	8510	0	0
2024.03.18	20:00:00	1.08685	1.08737	1.08674	1.08728	2651	0	0
2024.03.19	00:00:00	1.08708	1.08745	1.08668	1.08682	3029	0	0
2024.03.19	04:00:00	1.08682	1.08765	1.08629	1.08641	5624	0	0
2024.03.19	08:00:00	1.08641	1.08684	1.08347	1.08366	8960	0	0
2024.03.19	12:00:00	1.08366	1.08570	1.08366	1.08541	9701	0	0
2024.03.19	16:00:00	1.08542	1.08675	1.08533	1.08634	8005	0	0
2024.03.19	20:00:00	1.08634	1.08666	1.08570	1.08645	4218	0	0
2024.03.20	00:00:00	1.08642	1.08660	1.08583	1.08642	2524	0	0
2024.03.20	04:00:00	1.08642	1.08710	1.08626	1.08657	2339	0	0
2024.03.20	08:00:00	1.08657	1.08719	1.08364	1.08390	6444	0	0
2024.03.20	12:00:00	1.08390	1.08456	1.08365	1.08447	6958	0	0
2024.03.20	16:00:00	1.08445	1.08670	1.08435	1.08636	6715	0	0
2024.03.20	20:00:00	1.08623	1.09227	1.08600	1.09205	15662	0	0
2024.03.21	00:00:00	1.09196	1.09389	1.09186	1.09352	5352	0	0
2024.03.21	04:00:00	1.09352	1.09372	1.09316	1.09316	3163	0	0
2024.03.21	08:00:00	1.09316	1.09426	1.08872	1.09130	10250	0	0
2024.03.21	12:00:00	1.09130	1.09236	1.08835	1.08856	11703	0	0
2024.03.21	16:00:00	1.08856	1.08860	1.08557	1.08578	11744	0	0
2024.03.21	20:00:00	1.08577	1.08630	1.08528	1.08596	3674	0	0
2024.03.22	00:00:00	1.08596	1.08679	1.08500	1.08504	3142	0	0
2024.03.22	04:00:00	1.08504	1.08524	1.08311	1.08414	4788	0	0
2024.03.22	08:00:00	1.08410	1.08410	1.08081	1.08162	8994	0	0
2024.03.22	12:00:00	1.08162	1.08311	1.08115	1.08295	8916	0	0
2024.03.22	16:00:00	1.08295	1.08316	1.08048	1.08058	8161	0	0
2024.03.22	20:00:00	1.08059	1.08096	1.08017	1.08062	2765	0	0
2024.03.25	00:00:00	1.08062	1.08197	1.08022	1.08169	3861	0	0
2024.03.25	04:00:00	1.08169	1.08223	1.08106	1.08220	3659	0	0
2024.03.25	08:00:00	1.08219	1.08237	1.08071	1.08175	5479	0	0
2024.03.25	12:00:00	1.08174	1.08378	1.08164	1.08349	6520	0	0
2024.03.25	16:00:00	1.08347	1.08423	1.08316	1.08363	6477	0	0
2024.03.25	20:00:00	1.08363	1.08408	1.08333	1.08355	3147	0	0
2024.03.26	00:00:00	1.08355	1.08455	1.08348	1.08404	3117	0	0
2024.03.26	04:00:00	1.08404	1.08481	1.08358	1.08471	3233	0	0
2024.03.26	08:00:00	1.08471	1.08557	1.08386	1.08537	7535	0	0
2024.03.26	12:00:00	1.08537	1.08643	1.08467	1.08527	9286	0	0
2024.03.26	16:00:00	1.08519	1.08549	1.08243	1.08304	8659	0	0
2024.03.26	20:00:00	1.08304	1.08348	1.08284	1.08312	3546	0	0
2024.03.27	00:00:00	1.08312	1.08327	1.08206	1.08234	3118	0	0
2024.03.27	04:00:00	1.08234	1.08303	1.08234	1.08262	3191	0	0
2024.03.27	08:00:00	1.08262	1.08391	1.08212	1.08276	7954	0	0
2024.03.27	12:00:00	1.08277	1.08350	1.08107	1.08168	8369	0	0
2024.03.27	16:00:00	1.08168	1.08258	1.08137	1.08191	9284	0	0
2024.03.27	20:00:00	1.08192	1.08290	1.08184	1.08262	4165	0	0
2024.03.28	00:00:00	1.08261	1.08261	1.08080	1.08178	3859	0	0
2024.03.28	04:00:00	1.08178	1.08265	1.08175	1.08236	3117	0	0
2024.03.28	08:00:00	1.08237	1.08239	1.07751	1.07754	7375	0	0
2024.03.28	12:00:00	1.07754	1.08180	1.07750	1.08113	9571	0	0
2024.03.28	16:00:00	1.08118	1.08187	1.07928	1.07962	10506	0	0
2024.03.28	20:00:00	1.07962	1.07985	1.07845	1.07881	6146	0	0
2024.03.29	00:00:00	1.07872	1.07923	1.07758	1.07758	3648	0	0
2024.03.29	04:00:00	1.07758	1.07791	1.07737	1.07748	2605	0	0
2024.03.29	08:00:00	1.07748	1.07822	1.07678	1.07822	3445	0	1
2024.03.29	12:00:00	1.07822	1.08052	1.07813	1.07984	5372	0	3
2024.03.29	16:00:00	1.07984	1.07993	1.07869	1.07880	5478	0	4
2024.03.29	20:00:00	1.07880	1.07956	1.07861	1.07917	1409	0	5
2024.04.01	00:00:00	1.07870	1.07987	1.07841	1.07912	4107	0	0
2024.04.01	04:00:00	1.07912	1.07945	1.07841	1.07867	3634	0	0
2024.04.01	08:00:00	1.07867	1.07921	1.07826	1.07897	3851	0	0
2024.04.01	12:00:00	1.07897	1.07909	1.07771	1.07817	4846	0	0
2024.04.01	16:00:00	1.07816	1.07829	1.07309	1.07364	10112	0	0
2024.04.01	20:00:00	1.07366	1.07440	1.07366	1.07422	3806	0	0
2024.04.02	00:00:00	1.07423	1.07436	1.07309	1.07371	3548	0	0
2024.04.02	04:00:00	1.07371	1.07382	1.07293	1.07332	3435	0	0
2024.04.02	08:00:00	1.07332	1.07428	1.07246	1.07312	7953	0	0
2024.04.02	12:00:00	1.07312	1.07560	1.07311	1.07490	8179	0	0
2024.04.02	16:00:00	1.07490	1.07790	1.07480	1.07682	11312	0	0
2024.04.02	20:00:00	1.07682	1.07692	1.07601	1.07687	3401	0	0
2024.04.03	00:00:00	1.07685	1.07729	1.07659	1.07688	2543	0	0
2024.04.03	04:00:00	1.07687	1.07794	1.07658	1.07746	3055	0	0
2024.04.03	08:00:00	1.07746	1.07774	1.07640	1.07712	5573	0	0
2024.04.03	12:00:00	1.07707	1.07864	1.07651	1.07778	8030	0	0
2024.04.03	16:00:00	1.07781	1.08362	1.07777	1.08305	14311	0	0
2024.04.03	20:00:00	1.08305	1.08369	1.08255	1.08355	5668	0	0
2024.04.04	00:00:00	1.08352	1.08435	1.08292	1.08432	2419	0	0
2024.04.04	04:00:00	1.08432	1.08447	1.08381	1.08426	2467	0	0
2024.04.04	08:00:00	1.08426	1.08626	1.08389	1.08619	6677	0	0
2024.04.04	12:00:00	1.08617	1.08703	1.08506	1.08697	6541	0	0
2024.04.04	16:00:00	1.08697	1.08764	1.08579	1.08587	7555	0	0
2024.04.04	20:00:00	1.08587	1.08618	1.08315	1.08362	8258	0	0
2024.04.05	00:00:00	1.08361	1.08439	1.08229	1.08415	5321	0	0
2024.04.05	04:00:00	1.08415	1.08432	1.08233	1.08263	3467	0	0
2024.04.05	08:00:00	1.08263	1.08463	1.08224	1.08375	6665	0	0
2024.04.05	12:00:00	1.08373	1.08479	1.08003	1.08092	8971	0	0
2024.04.05	16:00:00	1.08095	1.08443	1.07912	1.08356	13588	0	0
2024.04.05	20:00:00	1.08356	1.08389	1.08307	1.08363	5208	0	0
2024.04.08	00:00:00	1.08370	1.08375	1.08230	1.08271	3626	0	0
2024.04.08	04:00:00	1.08270	1.08432	1.08269	1.08320	4362	0	0
2024.04.08	08:00:00	1.08322	1.08377	1.08222	1.08234	7619	0	0
2024.04.08	12:00:00	1.08234	1.08356	1.08209	1.08342	6633	0	0
2024.04.08	16:00:00	1.08344	1.08590	1.08344	1.08500	9414	0	0
2024.04.08	20:00:00	1.08500	1.08622	1.08493	1.08585	3867	0	0
2024.04.09	00:00:00	1.08582	1.08634	1.08471	1.08586	2713	0	0
2024.04.09	04:00:00	1.08587	1.08622	1.08539	1.08564	3079	0	0
2024.04.09	08:00:00	1.08565	1.08626	1.08492	1.08575	5215	0	0
2024.04.09	12:00:00	1.08575	1.08839	1.08564	1.08805	6546	0	0
2024.04.09	16:00:00	1.08807	1.08850	1.08521	1.08545	9943	0	0
2024.04.09	20:00:00	1.08543	1.08587	1.08477	1.08563	4060	0	0
2024.04.10	00:00:00	1.08558	1.08597	1.08523	1.08572	3028	0	0
2024.04.10	04:00:00	1.08572	1.08588	1.08505	1.08524	3560	0	0
2024.04.10	08:00:00	1.08524	1.08605	1.08479	1.08604	5640	0	0
2024.04.10	12:00:00	1.08604	1.08664	1.07783	1.07807	9894	0	0
2024.04.10	16:00:00	1.07807	1.07812	1.07287	1.07361	15951	0	0
2024.04.10	20:00:00	1.07361	1.07543	1.07290	1.07416	10759	0	0
2024.04.11	00:00:00	1.07415	1.07458	1.07381	1.07424	3436	0	0
2024.04.11	04:00:00	1.07424	1.07489	1.07411	1.07462	3607	0	0
2024.04.11	08:00:00	1.07462	1.07499	1.07266	1.07405	7928	0	0
2024.04.11	12:00:00	1.07404	1.07469	1.07148	1.07414	12338	0	0
2024.04.11	16:00:00	1.07414	1.07563	1.06992	1.07175	15872	0	0
2024.04.11	20:00:00	1.07175	1.07345	1.07152	1.07252	6913	0	0
2024.04.12	00:00:00	1.07251	1.07289	1.07207	1.07259	1904	0	0
2024.04.12	04:00:00	1.07259	1.07282	1.07107	1.07113	3490	0	0
2024.04.12	08:00:00	1.07113	1.07140	1.06709	1.06710	8772	0	0
2024.04.12	12:00:00	1.06711	1.06749	1.06313	1.06382	10133	0	0
2024.04.12	16:00:00	1.06385	1.06508	1.06225	1.06418	14882	0	0
2024.04.12	20:00:00	1.06418	1.06505	1.06367	1.06406	6933	0	0
2024.04.15	00:00:00	1.06360	1.06508	1.06278	1.06455	4854	0	0
2024.04.15	04:00:00	1.06455	1.06547	1.06391	1.06524	4896	0	0
2024.04.15	08:00:00	1.06524	1.06648	1.06500	1.06563	9880	0	0
2024.04.15	12:00:00	1.06563	1.06651	1.06310	1.06470	10308	0	0
2024.04.15	16:00:00	1.06471	1.06607	1.06219	1.06360	13853	0	0
2024.04.15	20:00:00	1.06360	1.06395	1.06203	1.06237	8278	0	0
2024.04.16	00:00:00	1.06234	1.06284	1.06178	1.06184	2770	0	0
2024.04.16	04:00:00	1.06184	1.06192	1.06062	1.06140	4864	0	0
2024.04.16	08:00:00	1.06140	1.06247	1.06023	1.06158	9895	0	0
2024.04.16	12:00:00	1.06159	1.06536	1.06159	1.06389	10268	0	0
2024.04.16	16:00:00	1.06389	1.06448	1.06187	1.06249	16229	0	0
2024.04.16	20:00:00	1.06250	1.06348	1.06011	1.06181	12260	0	0
2024.04.17	00:00:00	1.06180	1.06252	1.06119	1.06222	3268	0	0
2024.04.17	04:00:00	1.06222	1.06356	1.06203	1.06249	4214	0	0
2024.04.17	08:00:00	1.06249	1.06487	1.06061	1.06406	9973	0	0
2024.04.17	12:00:00	1.06404	1.06491	1.06314	1.06348	9869	0	0
2024.04.17	16:00:00	1.06348	1.06562	1.06299	1.06497	14946	0	0
2024.04.17	20:00:00	1.06497	1.06796	1.06479	1.06720	8780	0	0
2024.04.18	00:00:00	1.06702	1.06742	1.06642	1.06699	2545	0	0
2024.04.18	04:00:00	1.06699	1.06802	1.06644	1.06783	3767	0	0
2024.04.18	08:00:00	1.06782	1.06900	1.06748	1.06784	8197	0	0
2024.04.18	12:00:00	1.06785	1.06812	1.06598	1.06628	8901	0	0
2024.04.18	16:00:00	1.06629	1.06684	1.06464	1.06532	16589	0	0
2024.04.18	20:00:00	1.06532	1.06547	1.06408	1.06425	8751	0	0
2024.04.19	00:00:00	1.06424	1.06447	1.06360	1.06386	3319	0	0
2024.04.19	04:00:00	1.06386	1.06432	1.06104	1.06347	20729	0	0
2024.04.19	08:00:00	1.06347	1.06593	1.06270	1.06454	17227	0	0
2024.04.19	12:00:00	1.06457	1.06736	1.06429	1.06654	8353	0	0
2024.04.19	16:00:00	1.06649	1.06775	1.06402	1.06535	10826	0	0
2024.04.19	20:00:00	1.06533	1.06584	1.06465	1.06557	5722	0	0
2024.04.22	00:00:00	1.06526	1.06648	1.06478	1.06533	3387	0	0
2024.04.22	04:00:00	1.06533	1.06706	1.06533	1.06653	4096	0	0
2024.04.22	08:00:00	1.06654	1.06692	1.06474	1.06568	6808	0	0
2024.04.22	12:00:00	1.06568	1.06618	1.06308	1.06396	6981	0	0
2024.04.22	16:00:00	1.06396	1.06508	1.06240	1.06487	7607	0	0
2024.04.22	20:00:00	1.06487	1.06607	1.06481	1.06539	3821	0	0
2024.04.23	00:00:00	1.06521	1.06593	1.06496	1.06587	1684	0	0
2024.04.23	04:00:00	1.06587	1.06605	1.06534	1.06550	2973	0	0
2024.04.23	08:00:00	1.06549	1.06949	1.06385	1.06707	7409	0	0
2024.04.23	12:00:00	1.06706	1.06780	1.06532	1.06721	7098	0	0
2024.04.23	16:00:00	1.06720	1.07112	1.06600	1.06999	10442	0	0
2024.04.23	20:00:00	1.06999	1.07077	1.06993	1.07006	3798	0	0
2024.04.24	00:00:00	1.07006	1.07106	1.06991	1.07095	1858	0	0
2024.04.24	04:00:00	1.07095	1.07141	1.07042	1.07052	3409	0	0
2024.04.24	08:00:00	1.07052	1.07056	1.06807	1.06831	5681	0	0
2024.04.24	12:00:00	1.06833	1.06931	1.06779	1.06867	6137	0	0
2024.04.24	16:00:00	1.06867	1.07024	1.06810	1.06905	8265	0	0
2024.04.24	20:00:00	1.06904	1.07069	1.06870	1.06980	4435	0	0
2024.04.25	00:00:00	1.06982	1.07045	1.06884	1.07032	1778	0	0
2024.04.25	04:00:00	1.07033	1.07099	1.06969	1.07090	2824	0	0
2024.04.25	08:00:00	1.07090	1.07287	1.07076	1.07257	5773	0	0
2024.04.25	12:00:00	1.07257	1.07402	1.06854	1.06919	7338	0	0
2024.04.25	16:00:00	1.06927	1.07351	1.06784	1.07311	11483	0	0
2024.04.25	20:00:00	1.07311	1.07387	1.07228	1.07290	5712	0	0
2024.04.26	00:00:00	1.07283	1.07301	1.07227	1.07272	1735	0	0
2024.04.26	04:00:00	1.07273	1.07291	1.07185	1.07224	3165	0	0
2024.04.26	08:00:00	1.07224	1.07527	1.07214	1.07409	7025	0	0
2024.04.26	12:00:00	1.07409	1.07432	1.07102	1.07163	8176	0	0
2024.04.26	16:00:00	1.07165	1.07237	1.06740	1.06945	9851	0	0
2024.04.26	20:00:00	1.06945	1.07070	1.06904	1.06922	3405	0	0
2024.04.29	00:00:00	1.06940	1.07110	1.06865	1.07097	2398	0	0
2024.04.29	04:00:00	1.07097	1.07334	1.07074	1.07289	5943	0	0
2024.04.29	08:00:00	1.07289	1.07337	1.07013	1.07045	10027	0	0
2024.04.29	12:00:00	1.07044	1.07271	1.06972	1.07033	7020	0	0
2024.04.29	16:00:00	1.07032	1.07289	1.06901	1.07259	8156	0	0
2024.04.29	20:00:00	1.07259	1.07295	1.07150	1.07200	4760	0	0
2024.04.30	00:00:00	1.07197	1.07221	1.07101	1.07150	2342	0	0
2024.04.30	04:00:00	1.07149	1.07178	1.07023	1.07055	2817	0	0
2024.04.30	08:00:00	1.07055	1.07121	1.06900	1.07107	6040	0	0
2024.04.30	12:00:00	1.07112	1.07353	1.06898	1.07002	8167	0	0
2024.04.30	16:00:00	1.07010	1.07196	1.06758	1.06788	11920	0	0
2024.04.30	20:00:00	1.06790	1.06830	1.06630	1.06655	5070	0	0
2024.05.01	00:00:00	1.06650	1.06716	1.06580	1.06615	2246	0	0
2024.05.01	04:00:00	1.06615	1.06631	1.06549	1.06558	1981	0	0
2024.05.01	08:00:00	1.06557	1.06705	1.06494	1.06694	4352	0	0
2024.05.01	12:00:00	1.06697	1.06848	1.06667	1.06842	5303	0	0
2024.05.01	16:00:00	1.06841	1.06924	1.06707	1.06714	7868	0	0
2024.05.01	20:00:00	1.06717	1.07327	1.06706	1.07089	12602	0	0
2024.05.02	00:00:00	1.07096	1.07195	1.06930	1.07117	3259	0	0
2024.05.02	04:00:00	1.07116	1.07208	1.07069	1.07176	3390	0	0
2024.05.02	08:00:00	1.07177	1.07281	1.07000	1.07042	7797	0	0
2024.05.02	12:00:00	1.07041	1.07121	1.06935	1.07011	8121	0	0
2024.05.02	16:00:00	1.07014	1.07215	1.06742	1.07166	11044	0	0
2024.05.02	20:00:00	1.07167	1.07302	1.07139	1.07245	5221	0	0
2024.05.03	00:00:00	1.07220	1.07315	1.07192	1.07314	2311	0	0
2024.05.03	04:00:00	1.07314	1.07394	1.07308	1.07322	2955	0	0
2024.05.03	08:00:00	1.07323	1.07441	1.07244	1.07425	6039	0	0
2024.05.03	12:00:00	1.07422	1.08120	1.07387	1.07937	7965	0	0
2024.05.03	16:00:00	1.07928	1.07985	1.07514	1.07635	13800	0	0
2024.05.03	20:00:00	1.07634	1.07693	1.07591	1.07611	3886	0	0
2024.05.06	00:00:00	1.07630	1.07688	1.07552	1.07674	2384	0	0
2024.05.06	04:00:00	1.07674	1.07715	1.07622	1.07628	3543	0	0
2024.05.06	08:00:00	1.07627	1.07761	1.07577	1.07684	5678	0	0
2024.05.06	12:00:00	1.07685	1.07908	1.07661	1.07874	5595	0	0
2024.05.06	16:00:00	1.07874	1.07888	1.07712	1.07742	6051	0	0
2024.05.06	20:00:00	1.07742	1.07764	1.07658	1.07676	3082	0	0
2024.05.07	00:00:00	1.07678	1.07760	1.07628	1.07749	2336	0	0
2024.05.07	04:00:00	1.07749	1.07767	1.07606	1.07657	3804	0	0
2024.05.07	08:00:00	1.07657	1.07695	1.07541	1.07637	6394	0	0
2024.05.07	12:00:00	1.07636	1.07791	1.07552	1.07755	6211	0	0
2024.05.07	16:00:00	1.07757	1.07874	1.07660	1.07703	7795	0	0
2024.05.07	20:00:00	1.07705	1.07707	1.07479	1.07538	4225	0	0
2024.05.08	00:00:00	1.07534	1.07552	1.07469	1.07480	2027	0	0
2024.05.08	04:00:00	1.07480	1.07488	1.07381	1.07412	3322	0	0
2024.05.08	08:00:00	1.07412	1.07490	1.07350	1.07441	5245	0	0
2024.05.08	12:00:00	1.07441	1.07538	1.07399	1.07489	5664	0	0
2024.05.08	16:00:00	1.07489	1.07574	1.07441	1.07457	6712	0	0
2024.05.08	20:00:00	1.07457	1.07480	1.07410	1.07476	3154	0	0
2024.05.09	00:00:00	1.07476	1.07501	1.07397	1.07432	1742	0	0
2024.05.09	04:00:00	1.07432	1.07514	1.07422	1.07452	2932	0	0
2024.05.09	08:00:00	1.07453	1.07464	1.07261	1.07280	4811	0	0
2024.05.09	12:00:00	1.07281	1.07623	1.07239	1.07594	7549	0	0
2024.05.09	16:00:00	1.07594	1.07816	1.07505	1.07758	8230	0	0
2024.05.09	20:00:00	1.07758	1.07843	1.07736	1.07816	4040	0	0
2024.05.10	00:00:00	1.07812	1.07855	1.07764	1.07792	1727	0	0
2024.05.10	04:00:00	1.07792	1.07825	1.07731	1.07739	3093	0	0
2024.05.10	08:00:00	1.07739	1.07866	1.07715	1.07806	6427	0	0
2024.05.10	12:00:00	1.07810	1.07860	1.07662	1.07700	6407	0	0
2024.05.10	16:00:00	1.07700	1.07901	1.07603	1.07759	8653	0	0
2024.05.10	20:00:00	1.07759	1.07773	1.07680	1.07694	3139	0	0
2024.05.13	00:00:00	1.07686	1.07752	1.07648	1.07692	2234	0	0
2024.05.13	04:00:00	1.07692	1.07731	1.07658	1.07696	3211	0	0
2024.05.13	08:00:00	1.07696	1.07845	1.07687	1.07836	5107	0	0
2024.05.13	12:00:00	1.07836	1.07996	1.07772	1.07981	5199	0	0
2024.05.13	16:00:00	1.07982	1.08068	1.07893	1.07935	6508	0	0
2024.05.13	20:00:00	1.07935	1.07940	1.07866	1.07893	2743	0	0
2024.05.14	00:00:00	1.07882	1.07935	1.07853	1.07875	1539	0	0
2024.05.14	04:00:00	1.07875	1.07896	1.07843	1.07853	2351	0	0
2024.05.14	08:00:00	1.07853	1.07893	1.07753	1.07835	4991	0	0
2024.05.14	12:00:00	1.07835	1.08104	1.07664	1.08032	6746	0	0
2024.05.14	16:00:00	1.08030	1.08256	1.08006	1.08168	8339	0	0
2024.05.14	20:00:00	1.08168	1.08229	1.08154	1.08182	3068	0	0
2024.05.15	00:00:00	1.08172	1.08190	1.08131	1.08169	1972	0	0
2024.05.15	04:00:00	1.08169	1.08277	1.08164	1.08214	2557	0	0
2024.05.15	08:00:00	1.08214	1.08345	1.08212	1.08299	5221	0	0
2024.05.15	12:00:00	1.08299	1.08693	1.08219	1.08612	7845	0	0
2024.05.15	16:00:00	1.08612	1.08744	1.08317	1.08719	10455	0	0
2024.05.15	20:00:00	1.08719	1.08857	1.08716	1.08837	3950	0	0
2024.05.16	00:00:00	1.08837	1.08949	1.08766	1.08935	2720	0	0
2024.05.16	04:00:00	1.08936	1.08938	1.08814	1.08847	4217	0	0
2024.05.16	08:00:00	1.08847	1.08851	1.08665	1.08732	5966	0	0
2024.05.16	12:00:00	1.08732	1.08749	1.08607	1.08632	6519	0	0
2024.05.16	16:00:00	1.08633	1.08757	1.08544	1.08734	8093	0	0
2024.05.16	20:00:00	1.08734	1.08755	1.08644	1.08663	3781	0	0
2024.05.17	00:00:00	1.08662	1.08688	1.08593	1.08628	1789	0	0
2024.05.17	04:00:00	1.08628	1.08638	1.08544	1.08562	2861	0	0
2024.05.17	08:00:00	1.08562	1.08682	1.08417	1.08440	5525	0	0
2024.05.17	12:00:00	1.08440	1.08469	1.08358	1.08429	5348	0	0
2024.05.17	16:00:00	1.08430	1.08783	1.08430	1.08686	7338	0	0
2024.05.17	20:00:00	1.08683	1.08764	1.08673	1.08685	3960	0	0
2024.05.20	00:00:00	1.08670	1.08772	1.08647	1.08753	1959	0	0
2024.05.20	04:00:00	1.08752	1.08822	1.08717	1.08807	3191	0	0
2024.05.20	08:00:00	1.08807	1.08845	1.08695	1.08748	5011	0	0
2024.05.20	12:00:00	1.08746	1.08751	1.08535	1.08575	5527	0	0
2024.05.20	16:00:00	1.08575	1.08698	1.08575	1.08657	7128	0	0
2024.05.20	20:00:00	1.08657	1.08706	1.08559	1.08561	4059	0	0
2024.05.21	00:00:00	1.08557	1.08618	1.08532	1.08615	2976	0	0
2024.05.21	04:00:00	1.08614	1.08616	1.08509	1.08588	3006	0	0
2024.05.21	08:00:00	1.08589	1.08694	1.08566	1.08666	6046	0	0
2024.05.21	12:00:00	1.08666	1.08748	1.08547	1.08571	6065	0	0
2024.05.21	16:00:00	1.08571	1.08618	1.08429	1.08538	9205	0	0
2024.05.21	20:00:00	1.08539	1.08563	1.08462	1.08532	3158	0	0
2024.05.22	00:00:00	1.08518	1.08598	1.08517	1.08575	1701	0	0
2024.05.22	04:00:00	1.08570	1.08633	1.08527	1.08535	3081	0	0
2024.05.22	08:00:00	1.08535	1.08634	1.08464	1.08483	5484	0	0
2024.05.22	12:00:00	1.08483	1.08496	1.08220	1.08320	6773	0	0
2024.05.22	16:00:00	1.08320	1.08441	1.08317	1.08424	8051	0	0
2024.05.22	20:00:00	1.08424	1.08469	1.08174	1.08221	6300	0	0
2024.05.23	00:00:00	1.08214	1.08288	1.08192	1.08256	1877	0	0
2024.05.23	04:00:00	1.08256	1.08323	1.08220	1.08266	2873	0	0
2024.05.23	08:00:00	1.08266	1.08448	1.08124	1.08386	6942	0	0
2024.05.23	12:00:00	1.08386	1.08544	1.08333	1.08527	7312	0	0
2024.05.23	16:00:00	1.08528	1.08610	1.08180	1.08182	10610	0	0
2024.05.23	20:00:00	1.08183	1.08201	1.08047	1.08144	5590	0	0
2024.05.24	00:00:00	1.08141	1.08152	1.08075	1.08102	2630	0	0
2024.05.24	04:00:00	1.08102	1.08138	1.08054	1.08092	3357	0	0
2024.05.24	08:00:00	1.08090	1.08283	1.08076	1.08246	5454	0	0
2024.05.24	12:00:00	1.08246	1.08537	1.08236	1.08512	6656	0	0
2024.05.24	16:00:00	1.08512	1.08578	1.08421	1.08471	7967	0	0
2024.05.24	20:00:00	1.08471	1.08536	1.08444	1.08457	4252	0	0
2024.05.27	00:00:00	1.08480	1.08511	1.08416	1.08486	1920	0	0
2024.05.27	04:00:00	1.08486	1.08520	1.08472	1.08487	2394	0	0
2024.05.27	08:00:00	1.08487	1.08535	1.08441	1.08494	3672	0	0
2024.05.27	12:00:00	1.08494	1.08674	1.08409	1.08490	4958	0	0
2024.05.27	16:00:00	1.08492	1.08624	1.08445	1.08599	4484	0	0
2024.05.27	20:00:00	1.08599	1.08609	1.08559	1.08581	962	0	0
2024.05.28	00:00:00	1.08564	1.08684	1.08506	1.08652	4783	0	0
2024.05.28	04:00:00	1.08652	1.08801	1.08644	1.08760	3647	0	0
2024.05.28	08:00:00	1.08761	1.08799	1.08671	1.08700	5221	0	0
2024.05.28	12:00:00	1.08700	1.08890	1.08672	1.08765	5935	0	0
2024.05.28	16:00:00	1.08764	1.08802	1.08579	1.08748	8683	0	0
2024.05.28	20:00:00	1.08745	1.08758	1.08551	1.08559	5642	0	0
2024.05.29	00:00:00	1.08555	1.08588	1.08477	1.08512	2373	0	0
2024.05.29	04:00:00	1.08512	1.08569	1.08438	1.08475	2942	0	0
2024.05.29	08:00:00	1.08475	1.08588	1.08292	1.08373	6581	0	0
2024.05.29	12:00:00	1.08373	1.08584	1.08354	1.08462	6874	0	0
2024.05.29	16:00:00	1.08466	1.08470	1.08074	1.08155	9732	0	0
2024.05.29	20:00:00	1.08153	1.08159	1.07994	1.08003	5040	0	0
2024.05.30	00:00:00	1.08003	1.08039	1.07955	1.07965	2317	0	0
2024.05.30	04:00:00	1.07966	1.08046	1.07921	1.07959	4230	0	0
2024.05.30	08:00:00	1.07958	1.08185	1.07885	1.08150	7690	0	0
2024.05.30	12:00:00	1.08150	1.08327	1.08084	1.08290	7722	0	0
2024.05.30	16:00:00	1.08291	1.08451	1.08255	1.08400	9372	0	0
2024.05.30	20:00:00	1.08400	1.08433	1.08270	1.08313	4517	0	0
2024.05.31	00:00:00	1.08309	1.08339	1.08263	1.08322	2404	0	0
2024.05.31	04:00:00	1.08322	1.08337	1.08112	1.08181	4508	0	0
2024.05.31	08:00:00	1.08180	1.08384	1.08147	1.08340	6847	0	0
2024.05.31	12:00:00	1.08335	1.08822	1.08335	1.08801	8466	0	0
2024.05.31	16:00:00	1.08801	1.08808	1.08398	1.08473	11141	0	0
2024.05.31	20:00:00	1.08473	1.08527	1.08406	1.08474	5540	0	0
2024.06.03	00:00:00	1.08500	1.08575	1.08417	1.08564	2618	0	0
2024.06.03	04:00:00	1.08564	1.08587	1.08493	1.08520	3528	0	0
2024.06.03	08:00:00	1.08519	1.08586	1.08334	1.08402	7354	0	0
2024.06.03	12:00:00	1.08403	1.08499	1.08278	1.08443	7892	0	0
2024.06.03	16:00:00	1.08443	1.08904	1.08443	1.08852	10662	0	0
2024.06.03	20:00:00	1.08852	1.09039	1.08813	1.09036	5434	0	0
2024.06.04	00:00:00	1.09029	1.09160	1.08946	1.09128	2544	0	0
2024.06.04	04:00:00	1.09128	1.09136	1.09052	1.09094	3402	0	0
2024.06.04	08:00:00	1.09093	1.09109	1.08742	1.08808	8276	0	0
2024.06.04	12:00:00	1.08807	1.08821	1.08593	1.08645	9678	0	0
2024.06.04	16:00:00	1.08646	1.08835	1.08620	1.08803	11039	0	0
2024.06.04	20:00:00	1.08802	1.08876	1.08773	1.08785	5754	0	0
2024.06.05	00:00:00	1.08781	1.08861	1.08773	1.08842	1916	0	0
2024.06.05	04:00:00	1.08842	1.08861	1.08766	1.08807	3054	0	0
2024.06.05	08:00:00	1.08807	1.08824	1.08700	1.08758	6261	0	0
2024.06.05	12:00:00	1.08757	1.08843	1.08600	1.08839	7116	0	0
2024.06.05	16:00:00	1.08839	1.08917	1.08544	1.08642	10634	0	0
2024.06.05	20:00:00	1.08643	1.08773	1.08607	1.08678	4326	0	0
2024.06.06	00:00:00	1.08677	1.08823	1.08669	1.08820	1855	0	0
2024.06.06	04:00:00	1.08819	1.08958	1.08819	1.08872	3784	0	0
2024.06.06	08:00:00	1.08872	1.08882	1.08713	1.08772	6066	0	0
2024.06.06	12:00:00	1.08769	1.09020	1.08622	1.08815	7800	0	0
2024.06.06	16:00:00	1.08813	1.08913	1.08720	1.08819	9295	0	0
2024.06.06	20:00:00	1.08818	1.08942	1.08810	1.08870	4641	0	0
2024.06.07	00:00:00	1.08857	1.08928	1.08850	1.08895	2041	0	0
2024.06.07	04:00:00	1.08895	1.08978	1.08873	1.08953	3580	0	0
2024.06.07	08:00:00	1.08954	1.08984	1.08832	1.08890	7062	0	0
2024.06.07	12:00:00	1.08889	1.09019	1.08242	1.08332	9773	0	0
2024.06.07	16:00:00	1.08332	1.08357	1.08032	1.08052	11435	0	0
2024.06.07	20:00:00	1.08051	1.08071	1.07992	1.07994	5355	0	0
2024.06.10	00:00:00	1.07740	1.07816	1.07604	1.07780	3477	0	0
2024.06.10	04:00:00	1.07780	1.07799	1.07481	1.07542	3227	0	0
2024.06.10	08:00:00	1.07543	1.07680	1.07480	1.07567	7967	0	0
2024.06.10	12:00:00	1.07567	1.07604	1.07327	1.07415	7434	0	0
2024.06.10	16:00:00	1.07414	1.07587	1.07332	1.07541	7973	0	0
2024.06.10	20:00:00	1.07541	1.07659	1.07503	1.07644	4472	0	0
2024.06.11	00:00:00	1.07643	1.07677	1.07570	1.07637	2358	0	0
2024.06.11	04:00:00	1.07637	1.07708	1.07623	1.07683	3071	0	0
2024.06.11	08:00:00	1.07683	1.07735	1.07436	1.07454	6665	0	0
2024.06.11	12:00:00	1.07452	1.07564	1.07240	1.07323	9479	0	0
2024.06.11	16:00:00	1.07322	1.07389	1.07196	1.07373	8717	0	0
2024.06.11	20:00:00	1.07373	1.07494	1.07367	1.07396	4309	0	0
2024.06.12	00:00:00	1.07365	1.07424	1.07330	1.07361	2098	0	0
2024.06.12	04:00:00	1.07361	1.07432	1.07347	1.07367	3066	0	0
2024.06.12	08:00:00	1.07367	1.07538	1.07356	1.07466	5663	0	0
2024.06.12	12:00:00	1.07467	1.08300	1.07442	1.08268	8491	0	0
2024.06.12	16:00:00	1.08267	1.08523	1.08173	1.08441	10973	0	0
2024.06.12	20:00:00	1.08441	1.08458	1.08038	1.08081	11640	0	0
2024.06.13	00:00:00	1.08081	1.08156	1.08037	1.08130	2545	0	0
2024.06.13	04:00:00	1.08129	1.08158	1.08031	1.08040	3523	0	0
2024.06.13	08:00:00	1.08040	1.08165	1.08005	1.08061	6652	0	0
2024.06.13	12:00:00	1.08061	1.08161	1.07807	1.07934	8766	0	0
2024.06.13	16:00:00	1.07936	1.08076	1.07330	1.07352	11587	0	0
2024.06.13	20:00:00	1.07352	1.07440	1.07351	1.07363	5121	0	0
2024.06.14	00:00:00	1.07358	1.07408	1.07324	1.07363	2341	0	0
2024.06.14	04:00:00	1.07364	1.07449	1.07352	1.07364	3766	0	0
2024.06.14	08:00:00	1.07363	1.07373	1.06896	1.06918	8961	0	0
2024.06.14	12:00:00	1.06918	1.07059	1.06717	1.06892	11728	0	0
2024.06.14	16:00:00	1.06895	1.07018	1.06676	1.07004	10708	0	0
2024.06.14	20:00:00	1.07005	1.07072	1.06946	1.07018	4788	0	0
2024.06.17	00:00:00	1.07035	1.07081	1.06988	1.07040	2739	0	0
2024.06.17	04:00:00	1.07040	1.07056	1.06988	1.07041	3530	0	0
2024.06.17	08:00:00	1.07043	1.07122	1.06863	1.07071	8959	0	0
2024.06.17	12:00:00	1.07071	1.07178	1.07021	1.07137	8235	0	0
2024.06.17	16:00:00	1.07138	1.07277	1.07116	1.07252	8868	0	0
2024.06.17	20:00:00	1.07250	1.07378	1.07233	1.07326	4601	0	0
2024.06.18	00:00:00	1.07336	1.07409	1.07285	1.07360	2146	0	0
2024.06.18	04:00:00	1.07361	1.07368	1.07202	1.07215	3785	0	0
2024.06.18	08:00:00	1.07215	1.07351	1.07149	1.07193	7794	0	0
2024.06.18	12:00:00	1.07194	1.07340	1.07099	1.07311	8650	0	0
2024.06.18	16:00:00	1.07312	1.07614	1.07300	1.07393	9989	0	0
2024.06.18	20:00:00	1.07389	1.07431	1.07322	1.07393	5338	0	0
2024.06.19	00:00:00	1.07393	1.07412	1.07347	1.07374	1647	0	0
2024.06.19	04:00:00	1.07374	1.07425	1.07354	1.07359	2962	0	0
2024.06.19	08:00:00	1.07360	1.07417	1.07248	1.07403	7101	0	0
2024.06.19	12:00:00	1.07404	1.07533	1.07325	1.07458	7325	0	0
2024.06.19	16:00:00	1.07460	1.07509	1.07408	1.07471	4421	0	0
2024.06.19	20:00:00	1.07470	1.07472	1.07415	1.07416	958	0	0
2024.06.20	00:00:00	1.07419	1.07488	1.07363	1.07462	1854	0	0
2024.06.20	04:00:00	1.07462	1.07480	1.07390	1.07426	3292	0	0
2024.06.20	08:00:00	1.07426	1.07436	1.07127	1.07167	6598	0	0
2024.06.20	12:00:00	1.07168	1.07319	1.07130	1.07190	8769	0	0
2024.06.20	16:00:00	1.07190	1.07307	1.07034	1.07071	9375	0	0
2024.06.20	20:00:00	1.07071	1.07177	1.07009	1.07011	5406	0	1
2024.06.21	00:00:00	1.07012	1.07076	1.06999	1.07067	2111	0	1
2024.06.21	04:00:00	1.07066	1.07184	1.07049	1.07182	3352	0	1
2024.06.21	08:00:00	1.07182	1.07205	1.06710	1.06910	7858	0	0
2024.06.21	12:00:00	1.06909	1.06981	1.06766	1.06947	8017	0	0
2024.06.21	16:00:00	1.06944	1.06977	1.06782	1.06922	9972	0	0
2024.06.21	20:00:00	1.06923	1.06968	1.06901	1.06915	4570	0	0
2024.06.24	00:00:00	1.06850	1.06955	1.06835	1.06918	2345	0	0
2024.06.24	04:00:00	1.06918	1.06946	1.06837	1.06946	3265	0	0
2024.06.24	08:00:00	1.06946	1.07178	1.06944	1.07135	6344	0	0
2024.06.24	12:00:00	1.07133	1.07359	1.07131	1.07346	8212	0	0
2024.06.24	16:00:00	1.07346	1.07464	1.07233	1.07277	7851	0	0
2024.06.24	20:00:00	1.07277	1.07382	1.07220	1.07313	4482	0	0
2024.06.25	00:00:00	1.07314	1.07357	1.07274	1.07341	1776	0	0
2024.06.25	04:00:00	1.07340	1.07398	1.07322	1.07395	3298	0	0
2024.06.25	08:00:00	1.07395	1.07442	1.07208	1.07342	6507	0	0
2024.06.25	12:00:00	1.07342	1.07352	1.07022	1.07049	7366	0	0
2024.06.25	16:00:00	1.07050	1.07129	1.06908	1.07046	7992	0	0
2024.06.25	20:00:00	1.07046	1.07175	1.07044	1.07132	3878	0	1
2024.06.26	00:00:00	1.07116	1.07153	1.07011	1.07114	1976	0	0
2024.06.26	04:00:00	1.07114	1.07179	1.07076	1.07103	3328	0	0
2024.06.26	08:00:00	1.07103	1.07112	1.06853	1.06947	6202	0	0
2024.06.26	12:00:00	1.06947	1.06996	1.06770	1.06770	7861	0	0
2024.06.26	16:00:00	1.06771	1.06957	1.06659	1.06821	9974	0	0
2024.06.26	20:00:00	1.06821	1.06909	1.06750	1.06797	4379	0	0
2024.06.27	00:00:00	1.06787	1.06820	1.06740	1.06782	2266	0	0
2024.06.27	04:00:00	1.06782	1.06947	1.06777	1.06942	3349	0	0
2024.06.27	08:00:00	1.06942	1.06989	1.06805	1.06879	6439	0	0
2024.06.27	12:00:00	1.06879	1.07220	1.06872	1.07195	8455	0	0
2024.06.27	16:00:00	1.07194	1.07264	1.07003	1.07066	9525	0	0
2024.06.27	20:00:00	1.07066	1.07084	1.07012	1.07032	4447	0	0
2024.06.28	00:00:00	1.06999	1.07140	1.06975	1.06977	1914	0	0
2024.06.28	04:00:00	1.06977	1.06990	1.06853	1.06867	4256	0	0
2024.06.28	08:00:00	1.06867	1.07039	1.06859	1.06979	6546	0	0
2024.06.28	12:00:00	1.06979	1.07195	1.06920	1.07049	8468	0	0
2024.06.28	16:00:00	1.07048	1.07220	1.06927	1.07159	11683	0	0
2024.06.28	20:00:00	1.07158	1.07248	1.07060	1.07116	5565	0	0
2024.07.01	00:00:00	1.07450	1.07496	1.07319	1.07457	3874	0	0
2024.07.01	04:00:00	1.07455	1.07610	1.07429	1.07547	4592	0	0
2024.07.01	08:00:00	1.07542	1.07762	1.07496	1.07684	7966	0	0
2024.07.01	12:00:00	1.07678	1.07686	1.07400	1.07484	6761	0	0
2024.07.01	16:00:00	1.07485	1.07694	1.07197	1.07314	10667	0	0
2024.07.01	20:00:00	1.07315	1.07425	1.07242	1.07397	4430	0	0
2024.07.02	00:00:00	1.07384	1.07417	1.07301	1.07348	2149	0	1
2024.07.02	04:00:00	1.07348	1.07364	1.07283	1.07295	3252	0	0
2024.07.02	08:00:00	1.07295	1.07357	1.07120	1.07201	7296	0	0
2024.07.02	12:00:00	1.07200	1.07226	1.07169	1.07202	321	0	1
2024.07.03	00:00:00	1.07444	1.07543	1.07368	1.07480	2090	0	0
2024.07.03	04:00:00	1.07480	1.07480	1.07406	1.07424	2321	0	0
2024.07.03	08:00:00	1.07424	1.07635	1.07360	1.07582	6146	0	0
2024.07.03	12:00:00	1.07581	1.07782	1.07525	1.07744	6824	0	0
2024.07.03	16:00:00	1.07745	1.08168	1.07718	1.07957	10462	0	0
2024.07.03	20:00:00	1.07958	1.07958	1.07781	1.07810	3096	0	0
2024.07.04	00:00:00	1.07804	1.07937	1.07778	1.07926	1805	0	0
2024.07.04	04:00:00	1.07926	1.07950	1.07835	1.07865	2705	0	1
2024.07.04	08:00:00	1.07865	1.08030	1.07847	1.08018	6303	0	0
2024.07.04	12:00:00	1.08017	1.08029	1.07939	1.07970	5480	0	1
2024.07.04	16:00:00	1.07969	1.08138	1.07945	1.08122	4604	0	0
2024.07.04	20:00:00	1.08122	1.08137	1.08091	1.08100	1340	0	0
2024.07.05	00:00:00	1.08089	1.08179	1.08088	1.08147	2150	0	0
2024.07.05	04:00:00	1.08146	1.08244	1.08137	1.08220	3063	0	0
2024.07.05	08:00:00	1.08220	1.08305	1.08164	1.08280	5195	0	0
2024.07.05	12:00:00	1.08280	1.08418	1.08026	1.08296	7303	0	0
2024.07.05	16:00:00	1.08296	1.08340	1.08107	1.08254	11027	0	0
2024.07.05	20:00:00	1.08255	1.08425	1.08249	1.08397	4211	0	0
2024.07.08	00:00:00	1.08020	1.08327	1.08002	1.08216	3388	0	0
2024.07.08	04:00:00	1.08216	1.08362	1.08201	1.08287	3651	0	0
2024.07.08	08:00:00	1.08287	1.08429	1.08146	1.08384	8079	0	0
2024.07.08	12:00:00	1.08382	1.08446	1.08237	1.08436	7133	0	0
2024.07.08	16:00:00	1.08442	1.08449	1.08285	1.08323	7440	0	0
2024.07.08	20:00:00	1.08322	1.08336	1.08220	1.08232	3741	0	0
2024.07.09	00:00:00	1.08223	1.08333	1.08222	1.08270	1740	0	0
2024.07.09	04:00:00	1.08270	1.08312	1.08191	1.08296	2801	0	1
2024.07.09	08:00:00	1.08296	1.08307	1.08150	1.08225	5638	0	0
2024.07.09	12:00:00	1.08224	1.08284	1.08121	1.08157	5895	0	0
2024.07.09	16:00:00	1.08156	1.08279	1.08055	1.08098	9878	0	0
2024.07.09	20:00:00	1.08099	1.08166	1.08064	1.08131	4426	0	0
2024.07.10	00:00:00	1.08115	1.08167	1.08092	1.08122	1823	0	0
2024.07.10	04:00:00	1.08121	1.08211	1.08107	1.08185	3137	0	1
2024.07.10	08:00:00	1.08185	1.08249	1.08119	1.08153	5766	0	0
2024.07.10	12:00:00	1.08151	1.08281	1.08133	1.08270	6316	0	0
2024.07.10	16:00:00	1.08269	1.08288	1.08198	1.08269	7684	0	0
2024.07.10	20:00:00	1.08269	1.08299	1.08174	1.08296	4035	0	0
2024.07.11	00:00:00	1.08284	1.08367	1.08249	1.08351	1885	0	1
2024.07.11	04:00:00	1.08351	1.08402	1.08323	1.08364	2492	0	1
2024.07.11	08:00:00	1.08364	1.08477	1.08321	1.08473	5317	0	0
2024.07.11	12:00:00	1.08474	1.08995	1.08431	1.08874	8313	0	0
2024.07.11	16:00:00	1.08868	1.08990	1.08639	1.08669	13580	0	0
2024.07.11	20:00:00	1.08669	1.08700	1.08598	1.08677	5812	0	0
2024.07.12	00:00:00	1.08676	1.08744	1.08598	1.08698	4066	0	0
2024.07.12	04:00:00	1.08698	1.08720	1.08634	1.08698	4046	0	1
2024.07.12	08:00:00	1.08701	1.08872	1.08619	1.08867	6473	0	0
2024.07.12	12:00:00	1.08867	1.08928	1.08727	1.08905	7957	0	0
2024.07.12	16:00:00	1.08910	1.09107	1.08867	1.09046	10993	0	0
2024.07.12	20:00:00	1.09047	1.09113	1.09010	1.09055	4222	0	1
2024.07.15	00:00:00	1.08860	1.08955	1.08818	1.08882	3642	0	0
2024.07.15	04:00:00	1.08883	1.08957	1.08859	1.08936	3331	0	0
2024.07.15	08:00:00	1.08935	1.09093	1.08836	1.09083	6387	0	0
2024.07.15	12:00:00	1.09083	1.09202	1.09019	1.09072	7774	0	0
2024.07.15	16:00:00	1.09073	1.09222	1.09000	1.09062	9453	0	0
2024.07.15	20:00:00	1.09062	1.09063	1.08933	1.08937	6779	0	0
2024.07.16	00:00:00	1.08884	1.08986	1.08884	1.08913	2358	0	0
2024.07.16	04:00:00	1.08915	1.08945	1.08886	1.08924	3249	0	0
2024.07.16	08:00:00	1.08925	1.09027	1.08834	1.09003	6771	0	0
2024.07.16	12:00:00	1.09003	1.09055	1.08757	1.08807	8128	0	0
2024.07.16	16:00:00	1.08810	1.08890	1.08715	1.08888	9234	0	0
2024.07.16	20:00:00	1.08888	1.09028	1.08877	1.08987	4477	0	0
2024.07.17	00:00:00	1.08968	1.09029	1.08958	1.08976	2410	0	0
2024.07.17	04:00:00	1.08976	1.09069	1.08955	1.09030	3164	0	1
2024.07.17	08:00:00	1.09030	1.09436	1.08950	1.09417	8970	0	0
2024.07.17	12:00:00	1.09419	1.09448	1.09289	1.09424	9051	0	0
2024.07.17	16:00:00	1.09424	1.09480	1.09237	1.09296	10708	0	0
2024.07.17	20:00:00	1.09298	1.09400	1.09283	1.09388	5156	0	0
2024.07.18	00:00:00	1.09380	1.09410	1.09366	1.09370	2361	0	0
2024.07.18	04:00:00	1.09370	1.09391	1.09317	1.09335	4244	0	0
2024.07.18	08:00:00	1.09335	1.09386	1.09262	1.09306	7707	0	0
2024.07.18	12:00:00	1.09306	1.09370	1.09238	1.09285	7293	0	0
2024.07.18	16:00:00	1.09285	1.09291	1.09049	1.09160	10729	0	0
2024.07.18	20:00:00	1.09159	1.09164	1.08936	1.08959	5903	0	0
2024.07.19	00:00:00	1.08955	1.09017	1.08908	1.08920	2892	0	0
2024.07.19	04:00:00	1.08920	1.08947	1.08861	1.08870	3981	0	0
2024.07.19	08:00:00	1.08870	1.08904	1.08762	1.08791	8165	0	0
2024.07.19	12:00:00	1.08789	1.08941	1.08774	1.08890	7686	0	0
2024.07.19	16:00:00	1.08890	1.08911	1.08794	1.08849	9237	0	0
2024.07.19	20:00:00	1.08850	1.08854	1.08754	1.08839	5593	0	0
2024.07.22	00:00:00	1.08880	1.09025	1.08796	1.08939	3335	0	0
2024.07.22	04:00:00	1.08939	1.08952	1.08846	1.08874	3727	0	0
2024.07.22	08:00:00	1.08875	1.08925	1.08788	1.08880	7662	0	0
2024.07.22	12:00:00	1.08881	1.08954	1.08750	1.08781	7101	0	0
2024.07.22	16:00:00	1.08783	1.08868	1.08731	1.08863	8482	0	0
2024.07.22	20:00:00	1.08866	1.08917	1.08855	1.08902	4646	0	0
2024.07.23	00:00:00	1.08887	1.08929	1.08823	1.08897	2613	0	1
2024.07.23	04:00:00	1.08897	1.08967	1.08874	1.08908	3723	0	0
2024.07.23	08:00:00	1.08908	1.08912	1.08680	1.08778	6972	0	0
2024.07.23	12:00:00	1.08778	1.08781	1.08548	1.08559	7900	0	0
2024.07.23	16:00:00	1.08558	1.08579	1.08437	1.08533	8223	0	0
2024.07.23	20:00:00	1.08536	1.08565	1.08492	1.08530	4384	0	0
2024.07.24	00:00:00	1.08514	1.08543	1.08457	1.08468	2137	0	1
2024.07.24	04:00:00	1.08468	1.08503	1.08417	1.08466	4185	0	1
2024.07.24	08:00:00	1.08467	1.08537	1.08257	1.08350	8014	0	0
2024.07.24	12:00:00	1.08350	1.08592	1.08324	1.08581	7523	0	0
2024.07.24	16:00:00	1.08584	1.08665	1.08475	1.08510	10196	0	0
2024.07.24	20:00:00	1.08510	1.08549	1.08357	1.08393	5775	0	0
2024.07.25	00:00:00	1.08392	1.08421	1.08347	1.08395	2943	0	0
2024.07.25	04:00:00	1.08395	1.08439	1.08362	1.08399	4887	0	0
2024.07.25	08:00:00	1.08400	1.08577	1.08282	1.08461	9309	0	0
2024.07.25	12:00:00	1.08456	1.08587	1.08364	1.08498	9777	0	0
2024.07.25	16:00:00	1.08499	1.08646	1.08302	1.08620	11757	0	0
2024.07.25	20:00:00	1.08620	1.08699	1.08434	1.08446	6684	0	0
2024.07.26	00:00:00	1.08448	1.08554	1.08433	1.08539	2753	0	0
2024.07.26	04:00:00	1.08539	1.08604	1.08520	1.08583	3485	0	0
2024.07.26	08:00:00	1.08583	1.08607	1.08421	1.08515	6545	0	1
2024.07.26	12:00:00	1.08515	1.08654	1.08472	1.08605	7441	0	0
2024.07.26	16:00:00	1.08605	1.08682	1.08516	1.08654	9316	0	0
2024.07.26	20:00:00	1.08653	1.08654	1.08541	1.08552	5320	0	0
2024.07.29	00:00:00	1.08570	1.08664	1.08509	1.08634	3111	0	0
2024.07.29	04:00:00	1.08635	1.08698	1.08582	1.08590	3988	0	0
2024.07.29	08:00:00	1.08590	1.08630	1.08317	1.08321	7230	0	0
2024.07.29	12:00:00	1.08322	1.08420	1.08150	1.08161	6876	0	0
2024.07.29	16:00:00	1.08161	1.08238	1.08026	1.08214	7661	0	0
2024.07.29	20:00:00	1.08215	1.08258	1.08194	1.08206	4248	0	0
2024.07.30	00:00:00	1.08198	1.08235	1.08153	1.08171	2412	0	0
2024.07.30	04:00:00	1.08170	1.08252	1.08142	1.08241	3286	0	0
2024.07.30	08:00:00	1.08238	1.08346	1.08158	1.08288	7262	0	0
2024.07.30	12:00:00	1.08287	1.08356	1.08016	1.08018	6525	0	0
2024.07.30	16:00:00	1.08018	1.08166	1.07984	1.08136	10258	0	0
2024.07.30	20:00:00	1.08137	1.08175	1.08084	1.08141	5310	0	0
2024.07.31	00:00:00	1.08140	1.08200	1.08117	1.08199	2868	0	0
2024.07.31	04:00:00	1.08200	1.08301	1.08166	1.08254	5416	0	0
2024.07.31	08:00:00	1.08256	1.08277	1.08065	1.08221	9257	0	0
2024.07.31	12:00:00	1.08222	1.08481	1.08220	1.08409	8349	0	0
2024.07.31	16:00:00	1.08408	1.08493	1.08044	1.08092	10422	0	0
2024.07.31	20:00:00	1.08092	1.08328	1.08018	1.08247	10176	0	0
2024.08.01	00:00:00	1.08238	1.08308	1.08217	1.08277	2799	0	0
2024.08.01	04:00:00	1.08276	1.08352	1.08242	1.08266	5114	0	0
2024.08.01	08:00:00	1.08267	1.08296	1.07813	1.07843	8776	0	0
2024.08.01	12:00:00	1.07843	1.08082	1.07773	1.07964	9291	0	0
2024.08.01	16:00:00	1.07964	1.08181	1.07801	1.07863	12462	0	0
2024.08.01	20:00:00	1.07862	1.07955	1.07826	1.07909	7276	0	0
2024.08.02	00:00:00	1.07905	1.07929	1.07816	1.07910	3992	0	0
2024.08.02	04:00:00	1.07910	1.07985	1.07846	1.07975	4767	0	0
2024.08.02	08:00:00	1.07976	1.08152	1.07861	1.08145	9986	0	0
2024.08.02	12:00:00	1.08144	1.08970	1.08144	1.08912	11021	0	0
2024.08.02	16:00:00	1.08904	1.09265	1.08846	1.09120	15192	0	0
2024.08.02	20:00:00	1.09120	1.09166	1.09071	1.09102	8156	0	0
2024.08.05	00:00:00	1.09221	1.09232	1.09029	1.09168	6920	0	0
2024.08.05	04:00:00	1.09167	1.09395	1.09119	1.09325	9762	0	0
2024.08.05	08:00:00	1.09325	1.09749	1.08925	1.09510	17690	0	0
2024.08.05	12:00:00	1.09509	1.10084	1.09330	1.09911	15157	0	0
2024.08.05	16:00:00	1.09911	1.10031	1.09478	1.09599	18363	0	0
2024.08.05	20:00:00	1.09595	1.09643	1.09473	1.09504	9664	0	0
2024.08.06	00:00:00	1.09512	1.09630	1.09395	1.09627	6450	0	0
2024.08.06	04:00:00	1.09628	1.09630	1.09497	1.09520	8089	0	0
2024.08.06	08:00:00	1.09520	1.09548	1.09188	1.09278	13156	0	0
2024.08.06	12:00:00	1.09263	1.09268	1.09036	1.09051	11779	0	0
2024.08.06	16:00:00	1.09051	1.09348	1.09051	1.09278	13494	0	0
2024.08.06	20:00:00	1.09275	1.09335	1.09224	1.09284	8035	0	0
2024.08.07	00:00:00	1.09303	1.09318	1.09223	1.09296	4546	0	0
2024.08.07	04:00:00	1.09296	1.09303	1.09110	1.09116	7223	0	0
2024.08.07	08:00:00	1.09114	1.09278	1.09054	1.09188	10426	0	0
2024.08.07	12:00:00	1.09188	1.09266	1.09085	1.09218	9407	0	0
2024.08.07	16:00:00	1.09216	1.09366	1.09125	1.09220	10116	0	0
2024.08.07	20:00:00	1.09221	1.09270	1.09173	1.09203	8431	0	0
2024.08.08	00:00:00	1.09203	1.09338	1.09148	1.09282	4663	0	0
2024.08.08	04:00:00	1.09281	1.09377	1.09235	1.09317	6081	0	0
2024.08.08	08:00:00	1.09316	1.09450	1.09298	1.09370	8965	0	0
2024.08.08	12:00:00	1.09370	1.09396	1.08917	1.08974	8900	0	0
2024.08.08	16:00:00	1.08977	1.09147	1.08813	1.09086	10961	0	0
2024.08.08	20:00:00	1.09087	1.09190	1.09074	1.09177	6100	0	0
2024.08.09	00:00:00	1.09177	1.09194	1.09097	1.09126	2780	0	0
2024.08.09	04:00:00	1.09130	1.09245	1.09119	1.09202	4277	0	1
2024.08.09	08:00:00	1.09202	1.09291	1.09131	1.09175	6986	0	0
2024.08.09	12:00:00	1.09174	1.09257	1.09090	1.09116	7099	0	0
2024.08.09	16:00:00	1.09116	1.09312	1.09096	1.09185	8119	0	3
2024.08.09	20:00:00	1.09185	1.09234	1.09143	1.09151	4388	0	2
2024.08.12	00:00:00	1.09146	1.09196	1.09100	1.09182	2405	0	3
2024.08.12	04:00:00	1.09182	1.09228	1.09126	1.09190	2824	0	1
2024.08.12	08:00:00	1.09190	1.09283	1.09155	1.09206	5733	0	3
2024.08.12	12:00:00	1.09206	1.09297	1.09174	1.09198	5636	0	3
2024.08.12	16:00:00	1.09198	1.09393	1.09150	1.09228	8597	0	3
2024.08.12	20:00:00	1.09227	1.09349	1.09220	1.09305	4299	0	1
2024.08.13	00:00:00	1.09292	1.09363	1.09242	1.09300	2271	0	3
2024.08.13	04:00:00	1.09299	1.09393	1.09292	1.09391	2720	0	3
2024.08.13	08:00:00	1.09392	1.09409	1.09205	1.09231	5531	0	1
2024.08.13	12:00:00	1.09231	1.09465	1.09136	1.09407	6805	0	3
2024.08.13	16:00:00	1.09408	1.09738	1.09378	1.09722	9064	0	3
2024.08.13	20:00:00	1.09723	1.09996	1.09697	1.09919	6032	0	2
2024.08.14	00:00:00	1.09900	1.09984	1.09793	1.09919	2337	0	3
2024.08.14	04:00:00	1.09916	1.09965	1.09886	1.09927	4311	0	2
2024.08.14	08:00:00	1.09928	1.10197	1.09862	1.10191	6465	0	3
2024.08.14	12:00:00	1.10191	1.10349	1.10040	1.10167	7687	0	3
2024.08.14	16:00:00	1.10166	1.10471	1.10154	1.10182	9102	0	3
2024.08.14	20:00:00	1.10182	1.10183	1.10107	1.10112	4048	0	1
2024.08.15	00:00:00	1.10109	1.10154	1.10086	1.10096	2082	0	3
2024.08.15	04:00:00	1.10096	1.10120	1.10029	1.10116	3175	0	1
2024.08.15	08:00:00	1.10116	1.10154	1.10050	1.10060	4769	0	3
2024.08.15	12:00:00	1.10059	1.10141	1.09517	1.09564	6160	0	3
2024.08.15	16:00:00	1.09564	1.09894	1.09493	1.09781	9637	0	3
2024.08.15	20:00:00	1.09778	1.09798	1.09697	1.09712	4550	0	3
2024.08.16	00:00:00	1.09709	1.09770	1.09662	1.09756	2105	0	3
2024.08.16	04:00:00	1.09757	1.09825	1.09743	1.09819	2945	0	3
2024.08.16	08:00:00	1.09819	1.09896	1.09766	1.09808	5391	0	3
2024.08.16	12:00:00	1.09808	1.09949	1.09786	1.09938	5816	0	3
2024.08.16	16:00:00	1.09939	1.10043	1.09825	1.10036	7636	0	3
2024.08.16	20:00:00	1.10035	1.10293	1.10035	1.10271	4395	0	3
2024.08.19	00:00:00	1.10268	1.10358	1.10220	1.10302	3114	0	3
2024.08.19	04:00:00	1.10302	1.10417	1.10274	1.10395	3868	0	3
2024.08.19	08:00:00	1.10395	1.10505	1.10355	1.10370	6770	0	3
2024.08.19	12:00:00	1.10370	1.10442	1.10309	1.10387	5815	0	3
2024.08.19	16:00:00	1.10386	1.10739	1.10304	1.10735	8462	0	3
2024.08.19	20:00:00	1.10733	1.10861	1.10703	1.10841	4182	0	3
2024.08.20	00:00:00	1.10833	1.10873	1.10774	1.10818	2533	0	3
2024.08.20	04:00:00	1.10818	1.10871	1.10747	1.10769	4111	0	3
2024.08.20	08:00:00	1.10769	1.10887	1.10717	1.10795	6324	0	3
2024.08.20	12:00:00	1.10796	1.10983	1.10749	1.10983	6251	0	3
2024.08.20	16:00:00	1.10982	1.11190	1.10923	1.11147	9681	0	3
2024.08.20	20:00:00	1.11148	1.11301	1.11087	1.11280	4468	0	1
2024.08.21	00:00:00	1.11270	1.11325	1.11166	1.11276	2979	0	3
2024.08.21	04:00:00	1.11276	1.11280	1.11189	1.11209	1005	0	3
